006150148;LE DAHUT;C;EUR;
007150303;D. MAFFREN;C;EUR;
055804512;SPECIES SPECIALITES INDUSTRIELLES ET SIDERURGIQUES;C;EUR;
072501935;VERCORS BOIS EMBALLAGE;C;EUR;
095580239;BIJOUTERIE ARNAUTOU;C;EUR;
096310073;SOCIETE IMMOBILIERE PIERRE ROMET;C;EUR;
300352770;S.A.R.L. LANSSADE;C;EUR;
300940186;E.C.L DEVELOPPEMENT;C;EUR;
301503157;LEVET SARL;C;EUR;
302179981;LOCA GESTION;C;EUR;
302236609;GARAGE BONAUTO;C;EUR;
302519525;ENTREPRISE DUFOUR;C;EUR;
303321269;DEXERIS;C;EUR;
304349897;ETS URTHALER;C;EUR;
304787310;S.A.R.L. VETEMENTS LATAPIE;S;EUR;
306386541;ETABLISSEMENTS RENE FAURE;C;EUR;
306606625;ETS COCHET;C;EUR;
307391813;TISSAGE DE CARDAILHAC;S;EUR;
307559633;TRANS MOB;C;EUR;
308301548;PNA - AERIAL;C;EUR;
308799782;L. GOURMEL;C;EUR;
309214476;SOCIETE D EXPLOITATION DE L ENTREPRISE LAWSON;C;EUR;
309383438;MENUISERIE HUNSINGER SA;C;EUR;
309420149;SUD OUEST DIFFUSION ALIMENTAIRE;C;EUR;
309541951;GAMECA;C;EUR;
309916427;MEUBLES JEAN GORIN;C;EUR;
310026000;SAPAIG;C;EUR;
310227244;PASTA FRESCA;C;EUR;
310578125;SARL YANNICK SECKIN;C;EUR;
310709779;SOCIETE D EXPLOITATION DES CARRIERES DE LANHELIN;C;EUR;
310809983;SAMERIENNE DE TRAVAUX;C;EUR;
311832240;DOERKEN;C;EUR;
312327901;ETS PARC SARL;C;EUR;
312695620;STE LEFEBVRE PERE ET FILS;C;EUR;
312784523;ETABLISSEMENTS PRAT;C;EUR;
312816028;SOCIETE D AMENAGEMENT FONCIER LORRAINE;C;EUR;
313150344;FROT DIFFUSION ELECTRONIC;C;EUR;
313167173;DELIFRANCE S.A.;C;EUR;
313307753;BAYARD SOUDURE;C;EUR;
314222696;SOCIETE BORDMANN SOCIETE A RESPONSABILITE LIMITEE;C;EUR;
314720814;ENTREPRISE CHALABREYSSE & CIE;C;EUR;
314972704;GALERIE DES TANNEURS;C;EUR;
315230045;SUD EST MOTORS SEM;C;EUR;
315311589;PSL BIKE;C;EUR;
315814806;GMF VIE;A;EUR;
316240183;SCIERIE DE FREZELLE;C;EUR;
316502566;DHOLLANDE;C;EUR;
317823052;PEGA;C;EUR;
318027042;CONSTRUCTIONS METALLIQUES DE CHANDAI;C;EUR;
318229036;RITM;S;EUR;
318476207;DETHOOR LAMIAUX;C;EUR;
318760295;SOCIETE D EXPLOITATION DES BALS GARNIER;C;EUR;
319775201;COLIN FRERES ARTS GRAPHIQUES - C F A G;C;EUR;
320183163;S.A.R.L. BRIERE;C;EUR;
320476583;GALERIES BASTIAISES;C;EUR;
320890817;ETABLISSEMENTS GUILLET;C;EUR;
321112989;COIFFURE CREATION MARTINE ET MARIE-PIERRE;C;EUR;
321314544;PIZZERIA MARIUS;C;EUR;
322188988;CENTRE D'ETUDES ET DE REALISATIONS IMMOBILIERES;C;EUR;
322994831;PASCAL JOLIVET;C;EUR;
324019934;THERMALE DE GESTION;C;EUR;
324746957;LIBRE SERVICE DE LA GARE;C;EUR;
324746957;LIBRE SERVICE DE LA GARE;C;EUR;
324746957;LIBRE SERVICE DE LA GARE;C;EUR;
324746957;LIBRE SERVICE DE LA GARE;C;EUR;
324767763;COMPTOIR COMMERCIAL DU CUIR;C;EUR;
324917822;AMBULANCES SOS DORMANS;C;EUR;
325148179;ENTREPRISE LLENSE CONSTRUCTIONS TELEPHONIQUES;C;EUR;
325214328;VERSCHELDE CONDITIONNEMENT NEGOCE;C;EUR;
325545002;SARL J. LAMBERT;C;EUR;
325833309;ISOLATION ET ECONOMIES D'ENERGIE DU SUD-OUEST;C;EUR;
325986057;DBZ;S;EUR;
326367364;MUSIC COLOMBO;S;EUR;
326912516;M.C.O MENUISERIE - CHARPENTE OSSELIENNES;C;EUR;
326978632;SN LAFARO;C;EUR;
327908737;CABINET FULCHIRON;S;EUR;
328138961;DEBOURBE BOISSONS;S;EUR;
329383509;SARL CHRISTIAN MINODIER;C;EUR;
329451918;EXP DU CAMPING BAGATELLE;C;EUR;
329507446;R.V.DEP;C;EUR;
329690226;LES TOITS DE FRANCE;C;EUR;
330138371;J.S. MUSIQUE;C;EUR;
330147588;SOCIETE DEREZ ET FILS;C;EUR;
330306275;SOCIETE YZEURIENNE DE CONSTRUCTIONS;C;EUR;
330306275;SOCIETE YZEURIENNE DE CONSTRUCTIONS;C;EUR;
330306275;SOCIETE YZEURIENNE DE CONSTRUCTIONS;C;EUR;
330802539;AGORA;C;EUR;
331194035;GARAGE LE GOFF MICHEL;C;EUR;
331673863;DANIEL PETIT ET FILS;C;EUR;
331762054;CABINET PASCAL PRIEUR;C;EUR;
331762054;CABINET PASCAL PRIEUR;C;EUR;
331762054;CABINET PASCAL PRIEUR;C;EUR;
332160977;ANDELLE;C;EUR;
332525724;SARL CAMATCHO;C;EUR;
332962851;ABM AMBULANCES;C;EUR;
333190395;VERIFERME SAS;C;EUR;
333267367;APPLICATION DES NOUVELLES TECHNIQUES DU NETTOYAGE;C;EUR;
333403335;CVR CONSULTANTS;S;EUR;
333430742;ELIE COIFFURE;C;EUR;
333954386;ELIVIE;C;EUR;
333954386;ELIVIE;C;EUR;
334532744;LAGEMAT;C;EUR;
334593720;EGI ETUDES GENERALES IMMOBILIERES;C;EUR;
334747292;ETABLISSEMENTS JEAN ROY;C;EUR;
334782166;MAS DU VENDOMOIS;C;EUR;
334900677;RINJONNEAU ET FILS;C;EUR;
335233508;SOCIETE AUTOMOBILE BEAUMONTOISE;C;EUR;
337676092;M.G.E. MAURIN GROUPES ELECTROGENES;C;EUR;
337745582;MAISON REIGNIER;C;EUR;
338043219;SOCIETE ALESIENNE DE RESTAURATION ET DE LOISIR;S;EUR;
338165285;GOYHENECHE SARL (ETABLISSEMENT);C;EUR;
338175383;AMBULANCE AGREEE DE CHALLANS DAVIAUD-CELTON;C;EUR;
338272396;SODIPADD;C;EUR;
338286941;SOCIETE CORRET;C;EUR;
338321912;AUBERGE SAINT LOUIS;S;EUR;
338353642;SERRA - BUREAU D ETUDES INFRASTRUCTURES PAYSAGE;C;EUR;
338655095;SOCIETE DE TRANSFORMATION DE LEGUMES;C;EUR;
338658305;SOCIETE COUTAND MACHINISME AGRICOLE;C;EUR;
339303935;THIERRY PREVOST HABERER;C;EUR;
339702326;NECTAPECHES;C;EUR;
339702326;NECTAPECHES;C;EUR;
339721920;AQUAPOLIS;S;EUR;
339723694;ERNEE AUTOMOBILES;C;EUR;
339741951;AU POIS GOURMAND;C;EUR;
340101815;IMMOBILIERE DES VACANCES DU SOLEIL;C;EUR;
340123116;SARL REY - BTP;C;EUR;
340654912;SARL LEROUX;C;EUR;
340715465;MENUISERIE VILLOT PERE ET FILS;C;EUR;
340825876;SELF AUTO;C;EUR;
340867720;COJACK DIFFUSION;C;EUR;
340974856;S.F.T.D.;C;EUR;
341394260;INSTITUT - PARFUMERIE DOMINIQUE ROOS;C;EUR;
341803708;MATERIAUX DE CONSTRUCTION ET COMBUSTIBLES HOERTH;C;EUR;
341898088;LE PAREFEUILLE;S;EUR;
342014289;SARL HONFLEUR MAREE;C;EUR;
342696200;MIDIPAR;C;EUR;
342992559;CARROSERIE ZINS SARL;C;EUR;
343163481;EIFFAGE IMMOBILIER OCCITANIE;C;EUR;
343172375;LAKASAUNA FITNESS CENTER SARL;C;EUR;
343611034;SOCIETE DE MAINTENANCE ET DE DIFFUSION;C;EUR;
343935078;ATELIER PIERRE FRANCOIS DENTAIRE - A.P.F. DENTAIRE;C;EUR;
344079280;MORGANE DIFFUSION;C;EUR;
344097431;LA RASCASSE;S;EUR;
344266028;CABINET DENTAIRE ALOES;C;EUR;
344389937;CELEMI;C;EUR;
344681473;FER.MA.DIS;C;EUR;
344706254;LEVRON INGENIERIE;C;EUR;
344832159;UNION DES COOPERATIVES AGRICOLES DE L ALLIER;C;EUR;
345197636;MALLEJAC TP;C;EUR;
347527285;CHATEAU MANDARIN;C;EUR;
347708695;IMPRIMERIE DU LAC;C;EUR;
347714313;P.R.A.M.;S;EUR;
347816241;LUTINE;C;EUR;
347896474;ABC BOIS;C;EUR;
348124892;MONOX INSTRUMENTATION;C;EUR;
348296864;ETABLISSEMENTS DUPUY HOUDAYER;C;EUR;
348312315;PHYORG;S;EUR;
348369281;AIGRINOISE;C;EUR;
348534371;SARL LES TROIS PILIERS;C;EUR;
348812017;ARCHITECTURE DU BOIS;C;EUR;
348867920;SARL J.P.L.G.J.;C;EUR;
348876905;ATELIER BASSINOT - SUCCESSEUR HERVE FRERES;S;EUR;
348904236;ALSATRONIC;C;EUR;
349015172;JARDIRIVE;C;EUR;
349082792;ARC EN CIEL VOYAGES;C;EUR;
349246132;SG EURL;S;EUR;
349440131;BOISSERIE;C;EUR;
349732347;GARAGE RAFAITIN SARL;C;EUR;
349786533;AGI;S;EUR;
350064697;C M V I;C;EUR;
350102950;SOCIETE COMMERCIALE WTS;S;EUR;
350419446;I.E.A.D.;C;EUR;
350640173;WEBER KRESS INDUSTRIES;C;EUR;
350975397;PG DEVELOPPEMENT;C;EUR;
351025754;TRANSPORTS SALLES ANDRE;C;EUR;
351145230;AUVERGNE TECHNIQUES DE POINTE;C;EUR;
351155668;GALYO;C;EUR;
351176698;MONDIAL IMPEX;C;EUR;
351184635;PHARMACIE JAUFFRET;C;EUR;
351196621;SARL LA CIBOULETTE;C;EUR;
351376637;CAMPIX;C;EUR;
351396155;PARC D'ACTIVITES DE BLOTZHEIM;C;EUR;
351561725;SOCIETE FOUCHER;C;EUR;
351684576;TRANSPORTS BRULAS;C;EUR;
351720644;AZUR ROULEMENTS;C;EUR;
352661425;TRANSPORTS PASCUAL ET FILS;C;EUR;
352693618;SUD EST IMMO;C;EUR;
352805469;TURBOPRINT;C;EUR;
352919393;ADVANCE SAS;C;EUR;
353107808;K.A.L.M.;C;EUR;
353195803;MAISON DE L EPARGNE DAUPHINOISE;C;EUR;
353213036;CARROSSERIE CHANEL SARL;C;EUR;
353366032;DVP DOMAINES ET VINS DE PROPRIETE BOURGOGNE;C;EUR;
353407448;BRUNAUD;C;EUR;
353447683;BASTIDE;C;EUR;
353499908;FORMATION ET MULTIMEDIA INTERACTIFS S.A;C;EUR;
353538150;BRUNO SIEBERT;C;EUR;
353553977;CANOE APACH BIHAN;C;EUR;
377633649;SARL DELESCOT - LEROUX;C;EUR;
377706148;ACTUA TEX;C;EUR;
377783642;RODRIGUES PÈRE ET FILS;C;EUR;
377814629;IC BUREAUTIQUE;C;EUR;
377831250;ANN FLOR;C;EUR;
377831250;ANN FLOR;C;EUR;
378068860;EURL ENTREPRISE THIERRY FRAYSSINHES;C;EUR;
378161012;SARL MONIEZ;C;EUR;
378404586;SARL GARAGE TRIBOUILLOIS;C;EUR;
378524524;CTCI PRODUCTION;C;EUR;
378554638;OSNY ECHAPPEMENT;C;EUR;
378676647;FORNEZZO ET FILS;C;EUR;
379000540;SARL BARTOIS;C;EUR;
379102429;R V A;S;EUR;
379227192;PHARMACIE MARTIN-CAILLE;C;EUR;
379395429;BILLAUT BERNARD;C;EUR;
379408305;ALMA;S;EUR;
379551039;SARL D EXPLOITATION DES ETS LEQUEUX ETIENNE.;S;EUR;
379597693;O TEMPORA;C;EUR;
379623903;SOGESTI;S;EUR;
380218206;FINAUTO;C;EUR;
380225870;E.U.R.L. BLANDINE VITHE-MEA;C;EUR;
380358507;GARAGE NISI;S;EUR;
380393371;CLINIQUE SAINT MICHEL;C;EUR;
380442301;SARL BENOIT DUTERTRE;C;EUR;
380459495;COMMERCIALE AGRICOLE DU NORD D'ARLES- ANCIENS ETS MONETTO;C;EUR;
380995555;AGRIPHARM SANTE ANIMALE;C;EUR;
381307305;SOCIETE D EXPLOITATION DES BOIS DE TERTU;C;EUR;
381363878;COTES ET BOUCHONS;C;EUR;
381384338;SOCIETE FRANCHETEAU;C;EUR;
381784776;VIMAT;C;EUR;
381840834;SELLERIE GALLEGO;C;EUR;
381928332;BTV SERVICES;C;EUR;
381993120;SARL THIERRY LE GOHLISSE;C;EUR;
382182616;GARDILLOU DAMPERAT ET ASSOCIES;C;EUR;
382385276;MANE GUERNEHUE;C;EUR;
382462562;CARROSSERIE CATHERINE;C;EUR;
382512770;SARL BAR DE L UNION;S;EUR;
382526606;TECHNOLIT;C;EUR;
382671030;NEW HAIR NIORT;C;EUR;
382750628;LES FUMETS DE L ARREE;C;EUR;
382968717;SOCIETE D'EXPLOITATION DES POMPES FUNEBRES SCHAUB;C;EUR;
383226529;CODEREAL 3 D;C;EUR;
383348521;LA MAREBAUDIERE;C;EUR;
383380961;AGRI SOL;C;EUR;
383482502;DOULEAU;S;EUR;
383730181;M.C.O;C;EUR;
383730280;LUMIN AL;C;EUR;
384208948;CRAYONS ET IMAGES;S;EUR;
384364675;MCM CONSTRUCTIONS;C;EUR;
384454690;EURO INFORMATION SERVICES;C;EUR;
384534665;GALLIANCE SERVICES;C;EUR;
384723870;CARROSSERIE LIFTING AUTO;C;EUR;
384760815;SARL CORPAS;C;EUR;
384880845;ARTOIS CONTROLE TECHNIQUE AUTOMOBILE;C;EUR;
384949350;SARL DUBERGE;C;EUR;
385179700;C.T.A.L. CONTROLE TECHNIQUE AUTOMOBILE LOROUSAIN;C;EUR;
385274782;SOPRANA AUTOMOBILES S.A.;C;EUR;
387537475;J.F.K.;S;EUR;
387543671;S.A.R.L CB LE FRUISIER;C;EUR;
387647381;SIBONEX;C;EUR;
387768435;ATELIER D'ARCHITECTURE ET D'URBANISME DU GROUPE 5 DE MULHOUS;C;EUR;
387785975;PERCY AUTO SARL;C;EUR;
387814684;SARL BARBOT FRERES;S;EUR;
387888316;BEISER ENVIRONNEMENT;C;EUR;
387990047;HOTEL BERTRAND;C;EUR;
388008955;SARL ETS PLUMERAND;S;EUR;
388019648;SAS PASGUAY;C;EUR;
388063000;TUILERIE LAURENT;S;EUR;
388148769;VITAL SERVICE;C;EUR;
388151276;AMANDA;C;EUR;
388293680;CENTRABEL;S;EUR;
388327421;STUDIO ANDRE SARL;C;EUR;
388506743;SARL MENUISERIE BRAULT;S;EUR;
388841595;CBA 640;C;EUR;
388987653;LOCATION MATERIEL BATIMENT;C;EUR;
389044140;H.T.C;C;EUR;
389077124;SOCIETE D EXPLOITATION DU MOULIN INFERNAL;S;EUR;
389119272;EGP;S;EUR;
389275785;LES COMPTOIRS C.D.M.P.;C;EUR;
389324807;LE JARDIN D'ANAIS;S;EUR;
389440645;BUREAU CAZELLES;S;EUR;
389567439;SARL ENTREPRISE GOURDON;C;EUR;
389718115;RHEIN DENTAL;C;EUR;
389820937;ANJOU NEGOCE;C;EUR;
389882044;SARL LEMEE EVRARD;C;EUR;
390261667;BOURSOT PERE ET FILS;C;EUR;
390303980;DUCLOS;S;EUR;
390408383;CONSEIL ET INFORMATIQUE DE GESTION;C;EUR;
390719029;RESIDENCE L HORIZON;C;EUR;
390960300;LE BOUSQUET;S;EUR;
391017860;AUTO BILAN SAINT-ANNE;S;EUR;
391141207;VERJO;C;EUR;
391216702;MAILLET SARL;C;EUR;
391219987;BOLDIS;C;EUR;
391340858;CAVE DU MOULIN;C;EUR;
391354594;JARNAL;C;EUR;
391560216;SOCIETE COMMERCIALE TARBAISE;C;EUR;
391570470;C.A.P. DEFRANCE;C;EUR;
391718160;AGROTECH-SERVICES;C;EUR;
391898244;SHERPA;S;EUR;
391981289;YAS DISTRIBUTION;C;EUR;
391999240;AMSLER RENOVATION;C;EUR;
392046017;VIGNOBLES DE LA FERRANDIERE;C;EUR;
392110151;ETABLISSEMENT JULIENNE;C;EUR;
392131660;BOWLING DE L ESTEREL;C;EUR;
392434171;ANACAPRI;C;EUR;
392434171;ANACAPRI;C;EUR;
392434171;ANACAPRI;C;EUR;
392441002;APHATIE;S;EUR;
392483210;ALLOUCHERY COURLEUX;C;EUR;
392590816;BOULOUARD;C;EUR;
392895934;CC INVESTISSEMENT;C;EUR;
393060900;SPIMEX;C;EUR;
393104856;HEXA - PAC;C;EUR;
393187935;I.F.C.A.;S;EUR;
393520929;D.O.C;C;EUR;
393581608;DETEK AUTOMOBILES;C;EUR;
393731864;ACTIONS CONCRETES POUR LE TRAITEMENT DE L INFORMATION ET POU;C;EUR;
393732243;MATERIELS PROFESSIONNELS D'OCCASION;C;EUR;
393970520;SARL KAISER PERE ET FILS;C;EUR;
394063259;PHARMACIE DU MARCHE;C;EUR;
394382220;GOELAND SERVICES;C;EUR;
394504229;GARAGE GIUDICI;C;EUR;
394698013;PRESSING DE ROYALLIEU;C;EUR;
395063175;MAINE MEUBLE;C;EUR;
395102999;FAUNE EXPLO;C;EUR;
395156839;SAS LEROY;C;EUR;
395252018;LA CALECHE;C;EUR;
397447830;J. F. TRANS;C;EUR;
397527979;SCATAIR;C;EUR;
397620774;SARL JOLIVET;S;EUR;
397706664;FIDEURS;S;EUR;
397818360;SPANG EURO BATIMENTS;C;EUR;
397851197;HOTEL RESIDENCE DE LA MARINE;C;EUR;
397874306;AUDIT EXPERTISE COMPTABLE XAVIER LENNE;C;EUR;
397969627;SOCIETE DES TECHNIQUES D'AUTOMATISME ET D'INFORMATIQUE INDUS;C;EUR;
398106575;BRUHAY;C;EUR;
398178467;SARL LOMPECH-TESQUET;C;EUR;
398390823;DDM;C;EUR;
398471748;MOULIN DE LA LOUBE;S;EUR;
398654780;PASSEPARTOUT;C;EUR;
398769919;EQUIPA SARL;C;EUR;
398849455;EURL OUBRY;C;EUR;
398871947;HEINZ PHILIPPE;C;EUR;
398920033;CLOS DU GOLF;C;EUR;
399027333;ENTREPRISE DECARSIN;S;EUR;
399091701;CENTRALE AUTOMOBILE;C;EUR;
399249259;L OPALE;C;EUR;
399296888;LE TROPIC;S;EUR;
399445931;MEDECINE BIOLOGIE MEDITERRANEE MED BIO MED;C;EUR;
399447903;VITELIS;C;EUR;
399722180;IEC TELECOM GLOBAL;C;EUR;
400054771;PHARMACIE CENTRALE;C;EUR;
400124988;R VITALI;C;EUR;
400248233;F.D.P. INDUSTRIES;C;EUR;
400254355;GARAGE VEIBLER;C;EUR;
400566436;SARL DELAUNAY-MACE;S;EUR;
400614541;NOARIA ARGELES;S;EUR;
400668802;TRANSPORTS DIDELOT SAS;C;EUR;
400877296;COGENEX;C;EUR;
400882155;PRET A BRODER;S;EUR;
401157268;DUBEGNY;C;EUR;
401381041;SARL CHARPENTIER;C;EUR;
401524400;DARCO;C;EUR;
401631452;TERRASSEMENT KOEHLER;C;EUR;
401684683;TRADITIONS NATURE TERROIR;S;EUR;
401748983;AMBULANCE ROMAIN 95 P L;C;EUR;
401836135;AIPHICO;C;EUR;
401896949;MARIE NEIGE CREATION;S;EUR;
402280952;CHEVRIER ET FILS;C;EUR;
402522692;LEXAIR;C;EUR;
402693568;A.P. PRESTIGE CARS;C;EUR;
402872592;NARBEBURU ET FILS;C;EUR;
402891774;LE CYPRES - GENS DE LA LUNE;C;EUR;
403025893;HOTEL DE LA TOUR BLANCHE;C;EUR;
403042500;GROUPE C.E.P.R.E.;S;EUR;
403476229;EURL PIOT INVESTMENT;S;EUR;
403488547;VRIGNAUD FRERES;C;EUR;
403587843;PETTIER;C;EUR;
403604614;AQUITAINE ADJOINTE;C;EUR;
403732985;SARL MIMEAU ET FILS;C;EUR;
403811292;SOCIETE D'EXPLOITATION DES BOULANGERIES CHABANNES;C;EUR;
403836554;ELECTROCCAS;S;EUR;
403836554;ELECTROCCAS;S;EUR;
403836554;ELECTROCCAS;S;EUR;
403836554;ELECTROCCAS;S;EUR;
403836554;ELECTROCCAS;S;EUR;
404877227;TS INTERNATIONAL;S;EUR;
405047119;LE REQUIN MARTEAU;C;EUR;
405154956;SARL GUERET;C;EUR;
405253576;COUVERTURE ZINGUERIE PH LITZLER;C;EUR;
405379819;SARL AMBULANCES SIMON;C;EUR;
407629484;AGRIVERT;C;EUR;
407630490;IMMOBILIERE SAINT- ANDRE;C;EUR;
407666031;RIBEIRO;C;EUR;
407771047;DEBARDAGE DIEDA FRERES;C;EUR;
407990357;HOLD. G.;C;EUR;
408032118;P.C.SERVICES;S;EUR;
408038420;SARL MORLE ALAIN;C;EUR;
408335552;FRP SERVICES EUROPE SARL;C;EUR;
408545887;BAB NIORT 1;C;EUR;
408561512;LECHE VITRINES;C;EUR;
408634814;LABADIOLLE;C;EUR;
408711968;CLINIQUE SAINT BARNABE;C;EUR;
408884450;BOUDEWEEL FRERES;S;EUR;
409417359;SARL VERONNEAU;C;EUR;
409430345;UNIVERSAL OPTIC;C;EUR;
409486826;CULTURE CLUB 2000;C;EUR;
409867462;TECI ET KLEBER ASSOCIES;C;EUR;
409891587;ELECTRONIQUE CHARPIAT;C;EUR;
410201305;GARAGE DU BAC;C;EUR;
410429559;AEROLITHE;C;EUR;
410585335;JACANDIE;C;EUR;
410620611;LA FOUINETTE;S;EUR;
410660492;RCV PEINTURE;C;EUR;
410793434;SPEED AUTO;C;EUR;
411089592;EURL M L C;S;EUR;
411120686;PHARMACIE DES FAIENCIERS;C;EUR;
411183908;SARL QUATRE CANTONS;S;EUR;
411405277;ANDRE QUERE;C;EUR;
411544638;GARAGES LE GALL;C;EUR;
411552078;MUSSIPONTUM;C;EUR;
411575558;SARL BRIS FRERES;C;EUR;
412055394;LES LOCATIONS DU PARC SARL;C;EUR;
412180168;DETTINGER ET FILS;C;EUR;
412213407;NORMANDIE CLUB HOTEL;C;EUR;
412387961;PRO-SEPT;S;EUR;
412528879;SOCIETE DES VERGERS ALPILLES-LUBERON;C;EUR;
412929556;AVEKA;C;EUR;
413108952;SARL GARBAYE FILS;C;EUR;
413159096;SARL ISIS;C;EUR;
413159096;SARL ISIS;C;EUR;
413492554;SARL ATELIERS B. STE D EXPLOITATION DES ETABLISSEMENTS XAVIE;S;EUR;
413571555;TRANSPORTS OFFROY-HOLUBEC;C;EUR;
413696097;CHARPENTIER INV;C;EUR;
413967043;RHG RAIFFEISEN FRANCE SARL;C;EUR;
414053223;ENTREPRISE GENERALE DU BATIMENT PINO DECORS;C;EUR;
414070284;RESEAUX ELECTRIQUE & INFORMATIQUE;C;EUR;
414196501;SOCIETE PROVENCALE DE RAVALEMENT;S;EUR;
414334573;SARL CYCLES F. BILLETTE;C;EUR;
414416867;COTE NATURE ALENCON;C;EUR;
414494534;FLORALI ENERGIES;C;EUR;
414608836;H INVEST;C;EUR;
414631101;COLLIN IMMOBILIER;C;EUR;
414634907;PIZZA DU VIEUX PONT;C;EUR;
414752907;SELARL DE CHIRURGIENS DENTISTES CUCCHIETTI;C;EUR;
414799635;ALP'STRUCTURES;C;EUR;
414895409;REALISATION;S;EUR;
414913087;RONEL;C;EUR;
414963934;SARL DE RABUTIN;C;EUR;
414997221;CREA 2 M;S;EUR;
415095793;H.G. TELEPHONIE;S;EUR;
415143650;A MARINELLA;C;EUR;
415196450;AIN RHONE CARRELAGE;C;EUR;
417514023;COSSY SERVICES;S;EUR;
417605805;C.C.G.L.;S;EUR;
417931037;SOCIETE G A A M NOUVELLE;C;EUR;
417941770;ACTIVE PLOMBERIE;C;EUR;
418109922;VINTEUN;C;EUR;
418155164;RALLYE'SHOP;C;EUR;
418185641;TCB-BALLA;C;EUR;
418217857;HAIRCOIFF-MAG;S;EUR;
418404174;SOCIETE DE MACONNERIE TERRASSEMENT ET CANALISATIONS;C;EUR;
418431987;BRAY RECTIFICATION;C;EUR;
418433017;BOULANGERIE-PATISSERIE BOISSIE;C;EUR;
418512349;NEGOCE LOISIRS;S;EUR;
418527982;REST CONSTRUCTIONS METALLIQUES;C;EUR;
418535845;CAFE LE GENEVE;S;EUR;
418678843;SARL BRETEAU;C;EUR;
418736914;AQUITAINE DECOUPE CAROTTAGE BETON;C;EUR;
418752283;FREDOLIVE;S;EUR;
418763645;SARL DIEMAN;C;EUR;
418766036;AMENAGEMENT REGIONAL TECHNIQUE DE BUREAU MEDITERRANEE;S;EUR;
418839775;SOCIETE D'ECONOMIE MIXTE D'EXPLOITATION DE SPECTACLES DE TOU;C;EUR;
419364609;CRON;S;EUR;
419493887;DISTRICAP;C;EUR;
419506530;ETABLISSEMENTS MARTIN DISTRIBUTION;C;EUR;
419713920;SODES - SOCIETE DE DEVELOPPEMENTS DE SERVICES SA;C;EUR;
419843990;SARL LELIEVRE;C;EUR;
419981352;SARL FORESTIER - DELCHET;C;EUR;
420095119;SARL COBATRAP COUSTALAT BATIMENT TRAVAUX PUBLICS;C;EUR;
420130320;PROFIL PLATRE;S;EUR;
420956856;EURL OYHAMBURU;C;EUR;
421092446;MECA VOLT AUTO;S;EUR;
421093634;SOCIETE D EXERCICE LIBERAL DE PHARMACIENS D OFFICINE PHARMAC;C;EUR;
421154279;SARL LA VACANCE;C;EUR;
421218876;BRUNO CARREROT - TRAVAUX AGRICOLES;C;EUR;
421258625;MANTIN ERIC;C;EUR;
421380155;AXOMECA;C;EUR;
421668724;PHENIX COMPETITION;C;EUR;
421688037;PETRIN CEVENOL;S;EUR;
422205658;LES P'TITS MOUSSES;S;EUR;
422264507;PECHERIE LOCQUIRECOISE;C;EUR;
422282152;CENTRE DE CONTROLE VIENNOIS;C;EUR;
422302398;FINANCIERE SAINT RAMBERT;C;EUR;
422337949;LEGAY BATIMENT SARL;C;EUR;
422488130;AZUR EXTREME;S;EUR;
422567081;MANEO;C;EUR;
422756494;GENERATION DOMOTIQUE;S;EUR;
423123223;BERTRAND LAVARENNE ARCHITECTE;C;EUR;
423138262;PHARMACIE DE L HOTEL DE VILLE;C;EUR;
423419654;SARL LANG PHILIPPE;C;EUR;
423459031;BUCHERE DISTRIBUTION;C;EUR;
423492792;DIAVERUM PROVENCE;C;EUR;
423565423;KLINOTOP;C;EUR;
423609940;VISION;C;EUR;
423609940;VISION;C;EUR;
423613066;MAINE TOLERIE;C;EUR;
423615475;LES CABLEURS DE FRANCE;C;EUR;
423682764;SERENIS;C;EUR;
423785633;GARAGE SAINTE ANNE;C;EUR;
423941558;CYCLES NOEL;S;EUR;
424000081;MIDI PILE;S;EUR;
424997377;SOCIETE D'EXPLOITATION MENUISERIE MULLER;C;EUR;
425780558;TRANSPORTS CRANSAC;C;EUR;
428126973;CLITACOLA;C;EUR;
428205231;FINANCIERE THAON;C;EUR;
428265086;BEAVER PROPERTIES;C;EUR;
428664296;MELBA;C;EUR;
428703649;P R S;S;EUR;
428711592;CHALLENGE INFORMATIQUE SUD (CIS);S;EUR;
428768543;BORZEIX BESSE;C;EUR;
428783351;AU JARDIN DE MONTS;C;EUR;
429261605;SARL BOUTEILLER;C;EUR;
429536253;SELARL PHARMACIE DE LA POSTE;C;EUR;
429541477;VALERIO 3;S;EUR;
429688351;LIVRALOC;C;EUR;
429750292;M B F C;C;EUR;
429750292;M B F C;C;EUR;
429789050;HERZOG TOITURES;C;EUR;
429806631;PRATLONG-PISCINES ET JARDINS;C;EUR;
429844004;MS CONSULTANTS;S;EUR;
430107821;RENOVATION STAHN;C;EUR;
430140004;EURL AGELEC;S;EUR;
430183152;SARL ANDRE DEGORRE;C;EUR;
430234351;SANCHO ET COMPAGNIE;C;EUR;
430347344;AFRICA NET TRADE;C;EUR;
430439182;LES JARDINS D HEILLECOURT;C;EUR;
431300219;A.C.M. AGENCE CONSEIL MULTI-SERVICES;C;EUR;
431318781;AROBAN;C;EUR;
431411461;MULTIFIBRE;C;EUR;
431499631;SARL ALOES;C;EUR;
431542851;VAL HABITAT;S;EUR;
431712892;BMCV;C;EUR;
431741321;PEMZEC AUTOMOBILES;C;EUR;
431783976;ATELIER ETUDES CHARPENTES;C;EUR;
431898626;AMALTHEE HOLDING;C;EUR;
431909647;VALOGNES-INFORMATIQUE;S;EUR;
431912138;C.D.H.;C;EUR;
432071868;SOULE BAGNERES SERVICES;C;EUR;
432071868;SOULE BAGNERES SERVICES;C;EUR;
432075463;PASCAL COLLINOT E.U.R.L.;C;EUR;
432091700;SOCIETE RIVIERE;C;EUR;
432188969;GARAGE BRUNO MATHIEU SARL;C;EUR;
432325090;SARL CHEVRIER ERIC;C;EUR;
432407971;HOME DEVELOPPEMENT;C;EUR;
432567790;ESPACE YAM MARINE LES SAINTES;S;EUR;
432643013;E.U.R.L. BOUCHERIE CHARCUTERIE DIDIER MANJON;S;EUR;
432698744;AXE BTP;C;EUR;
433005246;MAJOR;C;EUR;
433156478;AAUDITNET;S;EUR;
433215431;EURL TENDANCE;C;EUR;
433409406;AUDIT QUALITE ET INFORMATIQUE;C;EUR;
433441607;SARL S T2;C;EUR;
433497591;ARNAGA BIARRITZ;S;EUR;
433719333;SARL BUFFA SALOON;C;EUR;
433756574;DELTAROUTE;C;EUR;
433780509;XTREMS;S;EUR;
433864527;MADIRA;C;EUR;
433927308;ARAMI GESTION CONSEIL AUDIT;C;EUR;
433985082;CABINET BEAL FOREZ;C;EUR;
433996030;SO.GE.DIM.;C;EUR;
434263943;D.L. CONSULTANTS;S;EUR;
434275525;PATISSERIE MUSEUR;C;EUR;
434305827;GREVIN DISTRIBUTION;C;EUR;
434588521;PHARMACIE PLEIN SUD;C;EUR;
434709010;CSB CALCULS STRUCTURES BOIS;C;EUR;
434828778;RESTO 7;S;EUR;
434995783;TRANS-TP-BOIS;C;EUR;
434999462;SARL LA PLEIADE;S;EUR;
435041090;TRANSTAG SARL;C;EUR;
435120449;PRO FEEL;C;EUR;
435185541;H 2C;S;EUR;
435363932;LA CLEF DES CHAMPS;C;EUR;
435376579;BIJOUTERIE SALESSES;C;EUR;
435400551;LASER PRO;C;EUR;
437556392;CABINET FABIEN ALEXANDRE;C;EUR;
437591522;INTERNATIONAL SERVICE CONSEIL;K;EUR;
437809932;MANFE M.;C;EUR;
437810559;MANFE H.;C;EUR;
437835671;LABORATOIRE DE PROTHESES DENTAIRE TAURINES - SORET;C;EUR;
437885684;IMO.TER;C;EUR;
437911175;GROUPE EXAUDI;C;EUR;
437940588;JPB GRANIT;C;EUR;
437964794;CHARLENOIR;S;EUR;
437972532;MALETREZ FREDERIC;C;EUR;
438035867;"BEN ET FILS" SARL;S;EUR;
438052615;S.A.R.L. MERBOUTI;S;EUR;
438052615;S.A.R.L. MERBOUTI;S;EUR;
438052870;BONAVENTURE;C;EUR;
438155889;LES LAVAGES DUROCASSES;S;EUR;
438166563;LE COSMOS;C;EUR;
438420481;SARL EURODIS;C;EUR;
438475642;SARL DIDOUNET;S;EUR;
438537078;EURL ATLANI;S;EUR;
438597619;LA CORBEILLE AUX PAINS;C;EUR;
438621567;SARL STÉPHANE RONDEAU;C;EUR;
438689812;M L ASIE;S;EUR;
438702664;SARL MAURER;C;EUR;
438736977;EURL ROUZEAU THIERRY;S;EUR;
439026220;ACTION SERVICES EXPRESS;C;EUR;
439169442;LE FORASTERO;C;EUR;
439170390;PROVENCE ALPES CANALISATIONS;C;EUR;
439235375;STS;C;EUR;
439285933;LAPLACE;S;EUR;
439494758;BONNEMAIN;S;EUR;
439575929;PRESS'NET;C;EUR;
439602566;TRAVAUX PUBLICS GRASSAUD;C;EUR;
439655440;PLACE DE CADE;S;EUR;
440167732;SICA SA TRANSPOMMES;C;EUR;
440181667;K+S KALI WITTEMHEIM;C;EUR;
440181766;IMMOCLAIR SARL;C;EUR;
440235661;ZYGMUND;C;EUR;
440322410;LSAO;C;EUR;
440675395;PEPINIERES VITICOLES DU MINERVOIS;S;EUR;
440753994;SARL CLAVERIE;C;EUR;
440828507;LES DEMEURES DE L AA;C;EUR;
440896546;PHARMACIE DES LILAS;C;EUR;
440901296;2H;C;EUR;
440912749;FORMUL INOVE;C;EUR;
441016375;SELARL DU DOCTEUR DEMARQUE;C;EUR;
441166626;HAIR MODE;S;EUR;
441241783;CAMILLE CLAUDEL IMMOBILIER SARL;C;EUR;
441290392;ECO-TRAITEMENT-RECYCLAGE;C;EUR;
441313699;SELARL JEAN MERMOZ;C;EUR;
441642733;J.M.H.;C;EUR;
441768918;BIMTECH;C;EUR;
441781911;EURL AMY CARRELAGES;C;EUR;
441781911;EURL AMY CARRELAGES;C;EUR;
441805249;CIBO;C;EUR;
441809993;TRANSPORTS CATHELINEAU DU PERCHE;C;EUR;
441937570;L M C M;S;EUR;
441959301;CABINET DENTAIRE DES DOCTEURS BOUTIN;C;EUR;
441980729;ELISE;C;EUR;
441980729;ELISE;C;EUR;
442020780;L.J.;S;EUR;
442088399;MARS "MAINTENANCE ASCENSEURS REGION SUD";C;EUR;
442157715;PASCAL STEPHAN;C;EUR;
442242210;AML DISTRIBUTION;C;EUR;
442302659;T.B. CARRE-JEFFROY;C;EUR;
442304234;OPHTA-LIBERTE;C;EUR;
442357901;GUILBAUD INVESTISSEMENT;C;EUR;
442490496;GOURMANDISES ET TRADITION;S;EUR;
442669313;GARAGE RODRIGUEZ;C;EUR;
442757472;GIAT DISTRIBUTION;C;EUR;
442907093;NEWCOMOORINGS SOCIETE PAR ACTIONS SIMPLIFIEE;C;EUR;
442909644;INITIALES "BB" DISTRIBUTION;C;EUR;
442937108;S.A.R.L. DE L'HORIZON;C;EUR;
442941985;EQUIP DESIGN SARL;C;EUR;
443068861;PROFIL DEVELOPPEMENT;C;EUR;
443084447;SARL EVOLUTION . RN7;S;EUR;
443325949;LA CALANQUE;S;EUR;
443542428;MENU PLAISIR;S;EUR;
443556204;FIDUCIAIRE DES OLONNES;C;EUR;
443568340;SARL PONCELET PERE ET FILS;C;EUR;
443626627;ABS INFORMATIQUE;C;EUR;
444118129;IMMOBILIERE GRILL HOTEL HERMINOIS - I G 2 H;C;EUR;
444168280;CKERLICE;C;EUR;
444364640;STRATE ATLANTIQUE;C;EUR;
444372627;NIEUDAN SARL;C;EUR;
444474449;ROMAX;S;EUR;
444540850;SARL VINCENS;C;EUR;
444557516;DURAMEN;C;EUR;
444597033;IRIS OPTIQUE;C;EUR;
444669238;JK TRADUCTIONS;C;EUR;
444691117;TRAITEUR DE LA THUR;C;EUR;
444752372;AXELLE EXPERTISE;C;EUR;
444754600;EVOLU IMMO EST;C;EUR;
444775001;ECHO VERT DISTRIBUTION;C;EUR;
444810782;SELEURL PHARMACIE DE LA LIBERTE;C;EUR;
444819486;COMPRESSION DE DONNEES PROFESSIONNELLES NOTARIALES;C;EUR;
444822050;LES LOTISSEMENTS NORMANDS;C;EUR;
444939219;SARL LE RELAIS DE FONSORBES;C;EUR;
445051303;L OREE DES VIGNES;C;EUR;
445085715;SARL LES SENIORS;C;EUR;
445176464;ENTREPRISE HEGRON;C;EUR;
445179518;MONTBE.VO;C;EUR;
445355787;VIEUGUE SERVICES PLUS;C;EUR;
447545773;SRTPA;C;EUR;
447565060;FACADE 47;C;EUR;
447714106;SODIVEG;C;EUR;
447793373;ADHÉ PUB;S;EUR;
447842261;SARL S.G.A.;S;EUR;
448651232;PCONSEIL;C;EUR;
448855148;SARL REMOND;S;EUR;
448987248;DEFARI;C;EUR;
449039668;ELS;C;EUR;
449095199;LEO;C;EUR;
449149947;TR.HMEUR;S;EUR;
449226356;ALIANYS;C;EUR;
449299213;LA LAVANDIERE;C;EUR;
449315423;PAJE;C;EUR;
449315423;PAJE;C;EUR;
449357847;E-GEE;C;EUR;
449768316;VILLA CELONY;S;EUR;
449788918;ADAMO RESEAUX ET TRAVAUX PUBLICS;C;EUR;
450108501;SEJOMIAN;C;EUR;
450136544;DESCAMPS;C;EUR;
450170188;EURL LES PLUS BELLES FLEURS;S;EUR;
450245915;BROD DESIGN;C;EUR;
450269014;A.L.C.;C;EUR;
450349972;CINEMARTIGUES;C;EUR;
450390315;SARL MICHEL BRAULE ET FILS;C;EUR;
450450614;EURL M.M.S;S;EUR;
450530639;TRUCK ETAPE;C;EUR;
450530639;TRUCK ETAPE;C;EUR;
450548128;DELICES DU MARCHE;S;EUR;
450832027;ARIMAIR;C;EUR;
451188866;DF INVEST;S;EUR;
451194112;DIGNE NETTOYAGE;C;EUR;
451224943;AB2M;C;EUR;
451233738;AU PETIT DELICE;C;EUR;
451242432;ANTHONY ET VIRGINIE;S;EUR;
451249353;JMI FINANCES;C;EUR;
451271571;ARC EN CYCLES;C;EUR;
451290548;AGENCE GUIGOU VIAL;S;EUR;
451341184;PAQUITO;C;EUR;
451390041;F.G.M.;K;EUR;
451390660;SIMHA;S;EUR;
451428718;NATURE SUR MESURE;S;EUR;
451805873;SARL VIDO;S;EUR;
451808661;W DIFFUSION;C;EUR;
451851554;SARL DU LEVANT;C;EUR;
451878409;LES SAVEURS DE COLLOBRIERES;S;EUR;
451905087;T.M. GROUP INVESTMENT HOLDING;C;EUR;
452058183;DATAPACK CONSULTING;C;EUR;
452079502;ATELIER DU VERRE;C;EUR;
452120280;DECORUM;C;EUR;
452160146;MEN SHOES;C;EUR;
452259690;AIR 65;C;EUR;
452309644;ETABLISSEMENTS FOURNIER;C;EUR;
452397235;BOUCHER CHALUS;C;EUR;
452402944;SARL EDA;C;EUR;
452526742;TELECOMS ENTREPRISES;C;EUR;
452819923;JEAN LOUIS BESCHI E.U.R.L.;C;EUR;
452826548;MONTLUCON LEVAGE MANUTENTION;C;EUR;
452908759;KOSA FRANCE HOLDING S.A.S;C;EUR;
453081994;AGENCE GUILLAUME VIRY ARCHITECTES;C;EUR;
453094872;LK NET;C;EUR;
453096299;CROUVEZIER SPORT;C;EUR;
453246134;SOCIETE DESCUNS;S;EUR;
453251530;FINANCIERE AFJ;C;EUR;
453318362;HOLDING GIANNINI;C;EUR;
453325094;LAURADIM'S;S;EUR;
453401549;BLINK PRODUCTIONS;C;EUR;
453474546;SCOPE FORMATIONS;S;EUR;
453573701;SELARL PHARMACIE ANTOINE;C;EUR;
453658213;AGENCEMENT EBENISTERIE HANGGI;S;EUR;
453768475;CTP SARL;S;EUR;
453781031;NEW LIFE GAMES;C;EUR;
453896219;VAMOS! STUDIO;C;EUR;
453974974;MAILLARD HOLDING;C;EUR;
453979569;DELROT ELECTRICITE;C;EUR;
454092636;LE DOMAINE DE LA BARRETIERE;S;EUR;
465800852;LANGUEDOCIENNE DES VIANDES ET DERIVES;C;EUR;
477512123;AUX DELICES DU VAL;S;EUR;
477568083;LAUMAS;S;EUR;
477628820;BERTRAND SAISON MEDICAL B.S.M.;C;EUR;
477794655;A. GIANNINI TEYSSIER 36-60 PAR ABRÉVIATION AGT 36-60;C;EUR;
477807531;BEAJI;S;EUR;
477864169;DUPONT F;S;EUR;
477972632;FLEXIBLES ET TUYAUX HYDRAULIQUES;C;EUR;
478084833;CENTRE DU RACHIS DE LA SAUVEGARDE;C;EUR;
478094881;SEVENIT;C;EUR;
478099575;TISSOLIA;C;EUR;
478229313;SUNSTEEL;C;EUR;
478285034;DLH HOLDING;C;EUR;
478522402;CYCLE 90 SARL;C;EUR;
478644420;PIOLI;C;EUR;
478693518;FROUARD DISTRIBUTION;C;EUR;
478734395;PANORAMA;C;EUR;
478851512;SARL AVERTY;C;EUR;
478888019;INGEMANSSON FRANCE;C;EUR;
478903057;CENTRALE AFFAIRES - BAZAR;S;EUR;
479100182;AUNOBLE INDUSTRIE;C;EUR;
479223224;ECI;C;EUR;
479289928;ROBERT AUTOMOBILES;C;EUR;
479293276;P.R.I.L.;S;EUR;
479309734;CHARPENTE GILLES POUSSIN;C;EUR;
479397374;ANATOLE BOEGLY ET ASSOCIES;C;EUR;
479486102;RENAUBOSCH;S;EUR;
479558967;AXIS ENVIRONNEMENT;C;EUR;
479693129;PELIPAL FRANCE;C;EUR;
479739179;RJG MECATRONIC;C;EUR;
479743429;CABINET CARNIEL S.A.R.L.;C;EUR;
479807315;ACTIV DIFFUSION;S;EUR;
479924789;SOCIETE NOUVELLE RENOVATION MONTELS - S.N.R.M.;C;EUR;
480208099;LES ALIZEES;C;EUR;
480310796;PLATON - SOCIÉTÉ D'AVOCATS;C;EUR;
480344662;D.P.M. TRANSPORTS;C;EUR;
480410646;COOWEB;S;EUR;
480441047;GERSTAECKER STRASBOURG LE GEANT DES BEAUX ARTS;C;EUR;
480490895;SHOESHOP;S;EUR;
480495092;CYRIL NORMAND;C;EUR;
480576164;BI-MECA;S;EUR;
480620236;CALTOROS;S;EUR;
480671536;BOULANGERIE PATISSERIE NOTRE DAME;S;EUR;
480671536;BOULANGERIE PATISSERIE NOTRE DAME;S;EUR;
480852425;LES DELICES D'HONORE;C;EUR;
480868124;IGNITIS;C;EUR;
480963784;DOCTEUR BROCHARD SELARL;C;EUR;
481000867;BRICA OPTIQUE;S;EUR;
481112928;SWEET HOME HOLDING;C;EUR;
481213635;RAPHAEL COEURDEVEY;C;EUR;
481409514;ANDRIEU HOLDING;S;EUR;
481441368;TERCOM;C;EUR;
481638856;ESCOT EXPERTISE;C;EUR;
481781367;EURL TERRIER;S;EUR;
481849370;SARL VERRELLI;C;EUR;
482154671;SAS SODIROCHE;C;EUR;
482212297;BUFA L'AURA;C;EUR;
482221751;3L FOUDRE;C;EUR;
482268513;CETEB INGENIERIE;C;EUR;
482355203;J.B. FINANCES;S;EUR;
482399847;GENEVEY BEAUTE;C;EUR;
482406949;ROTHIER-MAILLIARD;C;EUR;
482428026;CENTRE DE CONTROLE TECHNIQUE ILE NAPOLEON ASK;C;EUR;
482452489;SARL FREDERIC DUMAS;C;EUR;
482512613;RIVIERA ROYAL FINANCE;S;EUR;
482628633;LONDON;S;EUR;
482651064;AUTOVITRAGE DE L EST;C;EUR;
482662285;EXPRESSION;S;EUR;
482665072;SARL FOUILLIT CHRISTIAN;C;EUR;
482674744;AKWABA KA THEATRE;C;EUR;
482697133;LETONDAL SARL;C;EUR;
482791035;SOPARFA;C;EUR;
482829827;SARL LECOEUR HERVE;C;EUR;
482857851;FRANCOIS LECOCQ AUDIOPROTHESE;C;EUR;
482917002;OMNICIEL;S;EUR;
482922473;SPART IMMO;C;EUR;
482983814;D.B.G.;S;EUR;
483024584;RENAULT BRICQUEBEC;C;EUR;
483066544;LEMAUX;C;EUR;
483158226;JCG CONSEIL;C;EUR;
483203238;SARL DUBOIS;C;EUR;
483214334;SARL ALI;S;EUR;
483226650;LORRAINE GRAPHIC IMPRIMERIE;C;EUR;
483233466;ALVARO-ESCOURROU - ARCHITECTES ASSOCIÉS;C;EUR;
483300349;SARL JACQUES LAMBOURG;S;EUR;
483435756;ATSP;S;EUR;
483444188;BOUZOUBAA;S;EUR;
483539037;SARL STÉPHANE GAZEAU MENUISERIE;S;EUR;
483578340;RILLY AUTOMOBILES;S;EUR;
483747846;FRANCK LEBRET PATISSIER;C;EUR;
483820510;CATHY F;C;EUR;
483831301;ERIDE;C;EUR;
483935094;CRÉÀPAYE;C;EUR;
483936712;PLASTISERV;S;EUR;
483951737;PRESTAPHARM;S;EUR;
483951943;LOUNELIAS;S;EUR;
483956181;E.D.H;S;EUR;
484036587;CHEMIN DENIS;C;EUR;
484076062;SARL LES MANILLARDS;C;EUR;
484080452;FAST CLEAN SERVICES;S;EUR;
484134168;PILOTYS;C;EUR;
484384805;FC FINANCES;S;EUR;
484512751;BOUCHER PREFA;C;EUR;
484526322;BEWAP;S;EUR;
484535067;DUNES DISTRIBUTION (SARL);S;EUR;
484572599;IMMOBILIERE ARC EN CIEL;C;EUR;
484663356;AUTAN IMMOBILIER;C;EUR;
484690318;PLASTI-RHONE-ALPES;C;EUR;
484785019;FRANCK LAFITTE-TROUQUE;S;EUR;
484827407;SAVEURS ET TRADITION BOUCHERE;C;EUR;
484846563;SARL BEC;C;EUR;
484873765;VOS PETITS DELICES;S;EUR;
484873864;ESPACE REGIE;C;EUR;
484883269;MOVANIVA;S;EUR;
484912530;HERBET CECILE SARL;S;EUR;
484964457;SARL PERRIN;C;EUR;
485037717;PROMOTION INVESTISSEMENT;C;EUR;
485160253;OCCASIONS SERVICE;C;EUR;
485194104;PATISSERIE SAINT THOMAS;S;EUR;
485252902;LINH;S;EUR;
485317606;PASSION 356;S;EUR;
485341176;VERTIGO COLLECTION;C;EUR;
487478521;FRAISA;S;EUR;
487513558;AGRI DISCOUNT;S;EUR;
487540825;DUPARC;C;EUR;
487623241;SOFIVIN;S;EUR;
487664500;AARU MOUGAM BOUVANESH TRANS;C;EUR;
487674756;ELB HOLDING;C;EUR;
487753667;CORDOVA;S;EUR;
487768087;ANTEA;S;EUR;
487894073;DE RAFAEL IMMOBILIER;S;EUR;
488139312;TOMARINE;C;EUR;
488158130;PHARMACIE DE LA GRANDE AVENUE;C;EUR;
488245556;SOCIETE DE RESTAURATION ARTISANALE;C;EUR;
488262551;LA TABLE DE BACCHUS;C;EUR;
488376310;ARI-ARMATUREN FRANCE;C;EUR;
488553926;N T R;C;EUR;
488605734;ADVERTIME;S;EUR;
488646217;PARTNER SOLUTIONS;S;EUR;
488646217;PARTNER SOLUTIONS;S;EUR;
488657891;CUISIPOSE;S;EUR;
488657891;CUISIPOSE;S;EUR;
488813403;CONSULTING INGENIERIE ECONOMIE;C;EUR;
488917741;AUDIOGRAM;C;EUR;
489102574;SARL DES MONTS DU LYONNAIS;C;EUR;
489118414;ASIE- BOIS- CONCEPT;S;EUR;
489155606;PHARMACIE SAINTE MARIE;C;EUR;
489171074;ADENYS;C;EUR;
489249441;STEVE AUTOS;S;EUR;
489293258;ALVARO SOARES;S;EUR;
489333963;HORIZON MOBIL;C;EUR;
489340950;NOE-BELA RESTAURATION;C;EUR;
489341024;C COM;C;EUR;
489355438;SARL RUIZ;S;EUR;
489391821;SARL MGP;S;EUR;
489545855;SARL MOULIOM;S;EUR;
489603142;IMOBATE;C;EUR;
489638866;LA COMPAGNIE DU COURTAGE;S;EUR;
489649913;EURL DE LA GRANGE ROUGE;S;EUR;
489694190;COTE IMMO;S;EUR;
489973297;F.M AGENCEMENT;C;EUR;
490014115;LEX AUTO;C;EUR;
490099660;ANDRE GRANDJOUAN;C;EUR;
490149416;SARL BRASSERIE LA LICORNE;S;EUR;
490228491;LA FOURMI;S;EUR;
490289378;LALLYLOVE;S;EUR;
490441763;DIRECT MEDICAL;C;EUR;
490443843;EURL TAXI SERVICES;C;EUR;
490454766;EURL CHEMINEMENT;C;EUR;
490474699;SERRA;S;EUR;
490528668;ALIDORA;S;EUR;
490615341;PHARMACIE MORDELET;C;EUR;
490616372;SARL JOALINE;C;EUR;
490804440;LORIEAU ALEX;C;EUR;
490866571;LES BALAIS DE LA MOTTE;C;EUR;
490875507;BJ DISTRIBUTION ALIMENTAIRE;S;EUR;
490876984;CHARENTES TRUCK SERVICE;C;EUR;
490909082;APROTEC INDUSTRY;S;EUR;
491011631;SELVEA;C;EUR;
491020020;PAULHAC;S;EUR;
491026456;SARL JF DRILLEAU;C;EUR;
491185203;TECHNI-PORTES SARL;C;EUR;
491218467;CLAIR GESTION;S;EUR;
491239224;NOARIA LOURDES;S;EUR;
491257473;HERAUDET;C;EUR;
491268967;DUCOULOMBIER ARNAUD;S;EUR;
491333118;EMICAN;C;EUR;
491366712;AU PLAISIR D'OFFRIR;S;EUR;
491382354;LES DELICES DE SAINT ANDRE;S;EUR;
491424560;KRITERION;S;EUR;
491551362;MATEOS COIFFURE;S;EUR;
491781753;BC INVEST;C;EUR;
491818472;ANTENE SERVICES;C;EUR;
491903936;COGECOM;S;EUR;
491950754;AIRE;C;EUR;
491994471;COULEUR CACAO;S;EUR;
492139191;SARL AIR 83;C;EUR;
492187323;I.M.A.;C;EUR;
492264171;AUBERGE DU DETOUR;S;EUR;
492273123;POINT BACHES STORES;C;EUR;
492283833;BUSQUET JEAN-MARC;C;EUR;
492331285;VULCAIN INDUSTRIES;C;EUR;
492366422;SELARL PHARMACIE DE CHATILLON SUR LOIRE;C;EUR;
492381157;URBASOLAR;C;EUR;
492394341;EJ - HOLDING;C;EUR;
492431234;CAPIMMO;C;EUR;
492432513;DECLIC-EDITIONS;S;EUR;
492489117;PHARMACIE DU KIOSQUE;C;EUR;
492568167;PUBLICITE ROUERGUE SARL;C;EUR;
492646740;RIQUELME INVESTISSEMENTS;C;EUR;
492655964;EURL PHARMACIE JOLY;C;EUR;
492682299;E.J IMMOBILIER;C;EUR;
492741517;AMBULANCES VICTORIA;C;EUR;
492981196;MP FRANCE;C;EUR;
492984166;NUANCES;C;EUR;
493029755;BF MAINTENANCE;S;EUR;
493242952;CHRISTELE LARTIGUE;C;EUR;
493440739;PC@HOME EURL;S;EUR;
493540215;CHEROUX;S;EUR;
493566038;SAFARI CONSULTING;C;EUR;
493573240;TERRES COMMUNES;S;EUR;
494106123;TOBO DOMINIQUE;S;EUR;
494189160;VERTUMNE CONFORT CLIMATIQUE;S;EUR;
494213382;INGENIERIE ETUDES CONSEIL;S;EUR;
494301542;SARL LA BATISSE;C;EUR;
494441348;FRAPPIER HENRI;S;EUR;
494462013;TERAMAS ASTRUC;C;EUR;
494516818;TRAN;S;EUR;
494581234;USIREA;C;EUR;
494611536;SANITERRE;C;EUR;
494682792;SARL L AGORA DE GABARU;S;EUR;
494750060;CONCEPT SYSTEME PRODUCT;C;EUR;
494761216;FADOMI;S;EUR;
494825185;RESTAURANT LES SAPINS;C;EUR;
494830235;HOLDING COSTE;C;EUR;
494852098;ASPIC;C;EUR;
494885320;DYM SERVICES;C;EUR;
494903974;2L;C;EUR;
495034126;LT PAYSAGE;C;EUR;
495062663;EURL THEVIOT FREDERIC;C;EUR;
495219156;RACING SPIRIT;C;EUR;
495358806;PHARMACIE PIERRE GUILLAUMIN;C;EUR;
495381899;ES DUO;C;EUR;
497486142;STIN (SERVICES TECHNIQUES INDUSTRIELS);C;EUR;
497554378;KELES PEINTURE;C;EUR;
497555904;CORNIMMO;C;EUR;
497607937;AUTO MOTOCULTURE VAIRE;C;EUR;
497631721;LES VERGERS DE KERFROLO;S;EUR;
497653410;G. DIBOIS;C;EUR;
497665190;OERTLI FRANCE;C;EUR;
497747790;GEOVIA;C;EUR;
497831677;INTEC-BIGORRE;C;EUR;
497929992;EURL BRUNEAU PHOTOS;C;EUR;
497989764;O-BROTHER;C;EUR;
497989764;O-BROTHER;C;EUR;
498041714;VACANCES AZUR CORSICA;C;EUR;
498113810;MAJO;C;EUR;
498113810;MAJO;C;EUR;
498124890;ENERTRAG AKTIENGESELLSCHAFT;C;EUR;
498156785;CITEA;C;EUR;
498256536;FIDUCIAIRE FEYEL;C;EUR;
498320118;LE TEMPS D'UNE COUPE;C;EUR;
498395631;N DELE;C;EUR;
498580208;PCLK;C;EUR;
498599786;LES AVOINES DU PERRIN;C;EUR;
498615640;BASTIDE FRANCHISE;C;EUR;
498675743;M.C.I.;C;EUR;
498708114;DE VINCI AUTOMOBILES;C;EUR;
498722685;LA CALE AUX TRESORS;S;EUR;
498769058;SARL CK REFRIGERATION;C;EUR;
498791672;LE CHAMP DE LA DAME;C;EUR;
498831478;SARL LABARTHE;C;EUR;
498876481;MATERIEL MEDICAL PATTON;C;EUR;
498910926;ETS 90 - ENTREPRISES DE TRAITEMENT DE SURFACES;C;EUR;
498947662;REFLETS DES MERS;S;EUR;
499009900;TRANS BENNE PASCAL;C;EUR;
499052843;SARL DUBOIS PLOMBERIE CHAUFFAGE;C;EUR;
499089274;LH CONSULTING;S;EUR;
499128858;PHARMACIE SANDRINE SEON-VEYSSEYRE;C;EUR;
499202513;LE BIRDIE;C;EUR;
499246320;SOINS A DOMICILE RINKENBACH;C;EUR;
499338663;INTER 2S PATRIMOINE;S;EUR;
499348530;TAXI DE LA MER;S;EUR;
499348530;TAXI DE LA MER;S;EUR;
499369866;LETHU-GRENOBLE;C;EUR;
499369866;LETHU-GRENOBLE;C;EUR;
499369866;LETHU-GRENOBLE;C;EUR;
499369866;LETHU-GRENOBLE;C;EUR;
499383180;SARL DES SOURCES;C;EUR;
499383180;SARL DES SOURCES;C;EUR;
499388163;LOUVETARD;C;EUR;
499393346;AU MOULIN FLEURI;C;EUR;
499397784;FUIT EXPERT;S;EUR;
499399707;BELLEVUE SARL;C;EUR;
499430296;SARL EMILIE STEPHANE;S;EUR;
499580587;ID CARRELAGES;C;EUR;
499711760;PHARMACIE DE FRAISSES;C;EUR;
499748952;LEGRAND BENOIT;S;EUR;
499881886;BORESA;C;EUR;
499887107;L'ARCHIVIOLETTE;C;EUR;
499950137;PILE ET FACE;S;EUR;
500084546;DUFOUR FINANCES;C;EUR;
500192653;ENERGIES DU PLATEAU;C;EUR;
500252895;VERDUCOU;S;EUR;
500257613;FLOVALEM;C;EUR;
500358916;DOYEN PEINTURE;S;EUR;
500401294;SARL VALERY RENAUDAT;C;EUR;
500441886;LUDOVIC RIEUSSET;S;EUR;
500471503;SNC SCOABEAU;C;EUR;
500492913;SARL PATRIMOINE & INVESTISSEMENTS;C;EUR;
500538301;TRF BESSON - TRANSPORT RAPIDE FROID BESSON;C;EUR;
500585328;TRANSACTIVIA;S;EUR;
500631759;TONGA SOA;S;EUR;
500708425;DV SERVICE;C;EUR;
500864053;LA BOTTE DE PAILLE;C;EUR;
500926571;KMPC;C;EUR;
501082663;BIP BIP ORIENTAL;S;EUR;
501102321;JEDELE TRAITEMENTS DE SURFACE;C;EUR;
501191530;SARL AUDO;C;EUR;
501236053;CSBH;C;EUR;
501242549;AUTOMOBILES LE JELOUX;S;EUR;
501253140;MATPART DEVELOPPEMENT;C;EUR;
501285795;INTRAMUROS CUISINES;C;EUR;
501336002;FRANCOISE FLEURIET;C;EUR;
501374771;AD COAT;C;EUR;
501492391;SARL QING-FENG;S;EUR;
501749733;AU JARDIN NET;S;EUR;
501877229;EMMA ENERGIE;C;EUR;
501917017;HOLDING ECOLEST;C;EUR;
501966345;KAUDERS CONSULTING;C;EUR;
501995518;CHRONO INFORMATIQUE;C;EUR;
502061351;ENTRE TERRES ET VIGNES;C;EUR;
502073463;AVH PRET A PORTER;C;EUR;
502181134;SARL IMMOBILIUM;S;EUR;
502320815;UN CINEMA CHEZ VOUS;S;EUR;
502329097;BL CONSEIL PATRIMOINE;S;EUR;
502346935;PARIS HABITAT;S;EUR;
502371164;SECRET BIEN-ETRE;C;EUR;
502371453;JARDI NET;C;EUR;
502459795;GESTILOC;S;EUR;
502606320;ALBA;S;EUR;
502628696;SARL COSTECHAREYRE DIDIER;S;EUR;
502742158;2 G.T.I.C.;S;EUR;
502901424;MIDI BUREAUTIQUE;S;EUR;
502962772;CHALEUROSOL;S;EUR;
503024507;PMTI;C;EUR;
503146292;HAIR N COIFF;C;EUR;
503278947;IMMOBILIERE DU RHIN;C;EUR;
503331944;PAT A PIZZA;C;EUR;
503441461;GINKGO SERVICES;C;EUR;
503526204;O PICHOUN;C;EUR;
503582355;SELARL PHARMACIE REMY-SCHIOCHET;C;EUR;
503598633;AT TOITURE;S;EUR;
503610024;LNP;S;EUR;
503610024;LNP;S;EUR;
503665812;LOCAGEST;C;EUR;
503691388;PHARMACIE LEROY;C;EUR;
503700965;ANDRE PERROTIN;C;EUR;
503765828;FD PARK JAUX;C;EUR;
503768616;D. FRUCHET;S;EUR;
503916421;LECLERC ET BOUILLON LA BOITE NOIRE;C;EUR;
503981409;COAT BRO MONTROULEZ;S;EUR;
504034547;SANNYS EUROPE SARL;S;EUR;
504072141;LE SINOPLE;C;EUR;
504073115;G.E.X.A.C.C. GROUPE D'EXPERTISE D'AUDIT ET DE COMMISSARIAT A;C;EUR;
504108952;MICASYS;C;EUR;
504127150;PHARMACIE PRINCIPALE;C;EUR;
504131608;TOXEM;C;EUR;
504215062;E.S. INVESTISSEMENTS;C;EUR;
504235714;SARL C N D;S;EUR;
504249145;SOCIETE FINANCIERE LUCAS;C;EUR;
504268400;BE.3C SARL BUREAU D'ETUDE CONSEIL CONCEPTION CUISINE;C;EUR;
504274820;IM INFORMATIQUE SERVICES;S;EUR;
504308982;HOLDING LERI;C;EUR;
504321829;LE CAFE POMME;C;EUR;
504335431;MIMIPINSON;S;EUR;
504388414;LES SAVEURS DE MARGOT;C;EUR;
504406141;FINANCIERE DE MEUNERIE;C;EUR;
504482803;CONSTRUCTION RIVIERE;C;EUR;
504523366;PIERRE MONTMARTIN ASSOCIATES CONSULTING GROUP;C;EUR;
504615022;CHEAP NAUTIC;S;EUR;
504691718;CABINET COUSIN;C;EUR;
504722984;HOMESPACE;C;EUR;
504740754;RISTORANTE DA LUCA;S;EUR;
504758012;EUROPERSPECTIVES FRANCE;C;EUR;
504787169;LES CIRCUITS DE L AUBEPINE;S;EUR;
504794298;QUIEU BLANCS;S;EUR;
504939414;SARL G.P. AUTO;C;EUR;
505011403;LGK;C;EUR;
505100289;ARCAGEL;S;EUR;
505101022;EURL DAVID PIEGAY;C;EUR;
505119073;CONTINENTAL BIJOUX;C;EUR;
505143172;AGRIPARM;C;EUR;
505195958;CATH & PHIL;S;EUR;
505218677;ANNE PIZZA;S;EUR;
505303156;COM' SUR UN NUAGE;C;EUR;
505303925;ARMENIER-RIGAUD;C;EUR;
505349563;PHARMACIE DE TREPALOU;C;EUR;
505382994;CAREDIS;C;EUR;
507399368;THIERRY BAILLE;C;EUR;
507414399;LEPETIT PHILIPPE;C;EUR;
507429579;TUYAUTERIE INDUSTRIELLE DE NORMANDIE;C;EUR;
507445823;JSF;S;EUR;
507521417;CARROSSERIE DE MAYENCIN;C;EUR;
507546331;FERALU SARL;C;EUR;
507592640;ECOVANILLE;C;EUR;
507894251;ENTREPRISE VIANA;S;EUR;
508025327;PUTNIK CER BAT;S;EUR;
508109972;PSD;S;EUR;
508137361;KATARSYS;S;EUR;
508150745;LA FONTE D'ART;S;EUR;
508155348;OPHTALMOLOGIE AXE SUD CHARENTE MARITIME;C;EUR;
508226032;DOCTEUR JEAN PIERRE BIZARD;C;EUR;
508247178;CLARAMEL;C;EUR;
508311776;CAPSULE;S;EUR;
508311909;OLLIVIER DAVID CHAUFFAGISTE;S;EUR;
508345246;DELICES D'ASIE;S;EUR;
508436995;RHONE SAONE ENERGIES;C;EUR;
508710449;LE SCIELLOUR;S;EUR;
508717923;CG ENTREPRISE;S;EUR;
508837135;AFRICA CONSUMABLE & EQUIPMENT;C;EUR;
508862901;EYRAUD ELECTRICITE CHAUFFAGE SANITAIRE - E.E.C.S.;S;EUR;
508911161;PHARMACIE DU COURS LAFAYETTE;C;EUR;
509013280;SMRC SARL;C;EUR;
509034575;ATSV;S;EUR;
509304069;POLY-NEA;C;EUR;
509335402;CARROSSERIE GARAGE DE SEVIGNACQ;S;EUR;
509344610;MEGA PARADISIO;C;EUR;
509360285;WARF;S;EUR;
509422903;SAS EMC2 TRANSPORTS;C;EUR;
509430955;CAFEDIS ARCADE;C;EUR;
509431680;SARL FAMILIALE POURCHER;C;EUR;
509530812;AQUAEBEAUTE;C;EUR;
509569406;TURPAUD PEINTURE;S;EUR;
509600508;SEMA;C;EUR;
509643557;ACCESS EMBAL;C;EUR;
509646568;OXILIO;S;EUR;
509742995;NEOTECH 30;S;EUR;
509824579;BEREAU;S;EUR;
509904470;CDPN GRAND NORD (COMPRESSIONS DE DONNEES PROFESSIONNELLES NO;C;EUR;
509948956;SARL ETOILE RENOVATION;S;EUR;
509949723;AEROLITHE MAINTENANCE;C;EUR;
510235807;AESEA GROUP;C;EUR;
510354830;STEPHANE KERMARREC;C;EUR;
510354830;STEPHANE KERMARREC;C;EUR;
510438971;HOLDING BISTRO BURGER;S;EUR;
510725682;BOCAGE SOLAR PRODUCTION;C;EUR;
510751118;J F S R;C;EUR;
510802085;LA RESCOUSSE FRANCE;C;EUR;
510877962;MENUISERIE GOSSELIN PATRICK;C;EUR;
510912439;SERRURERIE HAMELIN;S;EUR;
511047458;LES 4 FRERES;S;EUR;
511058315;CLAMLAVI;C;EUR;
511144966;PHARMACIE SALLES;C;EUR;
511234254;PRÉFACONCEPT;S;EUR;
511343907;FREMA;S;EUR;
511383184;ENTREPRISE RIFFAUD;C;EUR;
511396707;LES SIX EAUX DES PONTS;C;EUR;
511444481;FRUCTIS;S;EUR;
511477903;SELARL DE MASSEUR-KINESITHERAPEUTE AGNES SAINT MARD;C;EUR;
511668600;LT PAYSAGE SERVICES;C;EUR;
511672032;FRENCH BOOK DISTRIBUTION;S;EUR;
511714032;SARL CJC JOUJOUX ELEC;C;EUR;
511870677;OUATECO;C;EUR;
511870693;PREVAL;S;EUR;
512021312;JTESB;C;EUR;
512023904;NET-OR;C;EUR;
512024084;EXPORTING;C;EUR;
512042730;GARAGE DE L'EAU BOUILLIE;C;EUR;
512085499;PHARMACIE LA GANTIERE;C;EUR;
512098286;SLOWATT;C;EUR;
512110271;EURL DE L'ECLUSE;S;EUR;
512193418;L'AMBASSADE DU VIN;C;EUR;
512202128;THLJ 2009;S;EUR;
512358680;I.C. LA CAMARGUE;S;EUR;
512446337;LMJ ASSIER;S;EUR;
512537879;CAFE DE PARIS;C;EUR;
512546771;STUDIO VANCEA;S;EUR;
512623091;TECK MOR;C;EUR;
512623091;TECK MOR;C;EUR;
512753013;EREN CONSTRUCTION;S;EUR;
512918996;RH TOITURE;C;EUR;
512928847;ML COIFFURE;S;EUR;
512929159;JOUFFROY PAYSAGE;C;EUR;
513012625;EURL SARDIN CHAUFFAGE;S;EUR;
513026740;PCN WEB TV PRODUCTION;C;EUR;
513306340;DUBOIS DORIAN;C;EUR;
513321935;FRANTZ;C;EUR;
513382382;JPB CONSTRUCTION BOIS SARL;C;EUR;
513398180;CAT-AND-CO;C;EUR;
513399998;SARL LAMBERT MARTIAL;C;EUR;
513409052;PIERRE ET STEPHANIE;C;EUR;
513416297;JPJR;C;EUR;
513434555;WARDIS;C;EUR;
513470518;FCF TRADING;C;EUR;
513504530;CENTAURY;C;EUR;
513505750;SARL ALBANE;S;EUR;
513595447;SPORT 26 COMMUNICATION;S;EUR;
513597179;BAR DE LA PROMENADE;C;EUR;
513712687;LAFON-PUYO;S;EUR;
513824532;W SQUARE;C;EUR;
513836999;G. INVEST;S;EUR;
513848861;LOIRE CONVOYAGE;S;EUR;
513915850;CABINET ASSUR'PUBLIC;C;EUR;
513935072;A.M. DIFFUSION;C;EUR;
513947994;CARROSSERIE DU COUSTAOU;S;EUR;
514010990;RE'GARD PROPRE;C;EUR;
514026236;PRESTOSITE;S;EUR;
514056266;JEL COMMUNICATION;C;EUR;
514077734;L IMMOBILIERE BETHUNOISE;C;EUR;
514082221;CLESTEL;C;EUR;
514152651;T SERVICES;C;EUR;
514195635;KUTTA;C;EUR;
514210137;DEPARVAL;C;EUR;
514249572;LOCO MOSQUITO;S;EUR;
514313378;ALECSIA GROUP;C;EUR;
514319821;MD FONCIER;S;EUR;
514319821;MD FONCIER;S;EUR;
514426774;AB BEAUTE;C;EUR;
514439199;EURL KD;S;EUR;
514474048;SEM;C;EUR;
514502491;ALLO DESPAUX SERVICES;C;EUR;
514589357;LUMELEC;S;EUR;
514732122;E.D.3G;S;EUR;
514998640;MONACHOC;C;EUR;
515007268;SAS POISSONNIER - SOCIETE DE PARTICIPATIONS FINANCIERES DE P;C;EUR;
515075638;CPS;C;EUR;
515075638;CPS;S;EUR;
515075638;CPS;S;EUR;
515086536;OCTOPUS;C;EUR;
515086536;OCTOPUS;C;EUR;
515086536;OCTOPUS;C;EUR;
515280519;LAVERIE DU LITTORAL;S;EUR;
515297406;CV;S;EUR;
515381879;FSP LORRAINE;S;EUR;
515403079;SARL ALTER EGO;C;EUR;
517413506;ARKEMIS;S;EUR;
517565735;SAS A.2P.G;S;EUR;
517645735;VIATECHNIS;S;EUR;
517655957;SARL LALLEMANT;S;EUR;
517687976;ARS OPTIQUE;S;EUR;
517960134;SASU O' SOLEIL;S;EUR;
518247093;LFE SNOW;C;EUR;
518344833;AN LAM;S;EUR;
518371208;AXONE;C;EUR;
518508122;S2J GESTION;C;EUR;
518566526;YDM PEINTURES;S;EUR;
518566526;YDM PEINTURES;S;EUR;
518584768;EURL JACB;C;EUR;
518636766;ALLO ARTISAN TAXI 64;S;EUR;
518656988;LE REFUGE - GOURETTE;S;EUR;
518792338;PANGEO-RESEAUX;C;EUR;
518796016;SOPECA INVESTISSEMENT;C;EUR;
518828892;LEM;C;EUR;
518971809;BRUNO VALEYRE ARCHITECTE;C;EUR;
518977392;ARTS ET BOIS;C;EUR;
519042311;MONTICELLO;S;EUR;
519059141;SAS DES PEUPLIERS;C;EUR;
519059299;SAS DE LA VALLEE;C;EUR;
519069462;AGC;C;EUR;
519154983;SAS DE L'ESCARGOT;C;EUR;
519192322;PROVALIS;C;EUR;
519248181;CEPRE FINANCES;S;EUR;
519248819;NOURS;C;EUR;
519473284;MC MENUISERIE;S;EUR;
519487748;AGENCE EUROPEENNE GESTION;S;EUR;
519589196;SARL PHARMACIE FAURE;C;EUR;
519892202;PEINTURE ELEGANCE;S;EUR;
519919278;VOLTAIRENERGY;S;EUR;
519950547;ACTIV;C;EUR;
519965859;SARL CEJAROY;S;EUR;
520267220;COOKIZ;C;EUR;
520298852;ACADABRARD;C;EUR;
520374471;COUVERTURE CONSTRUCTION BOIS;C;EUR;
520478975;SOCIETE DE DISTRIBUTION DES PRODUITS DE SOINS;S;EUR;
520528472;EB RENOVATION;C;EUR;
520566159;SARL L'ALPE GOURMANDE;C;EUR;
520780719;WELL STAFF DEVELOPPEMENT;C;EUR;
520919291;AS CASH;C;EUR;
520954462;AG BURO;C;EUR;
520955998;FIDAR;C;EUR;
520992579;FLEXISHORE;S;EUR;
521068072;SARL ENZOLOUKA;S;EUR;
521196329;SOCIETE DE CONSTRUCTIONS EN ALLIAGES LEGERS;C;EUR;
521242024;MONPRET IMMO;C;EUR;
521258764;SARL CHABERT CHASTAGNAC;C;EUR;
521262956;CHATEAU DU MAX;S;EUR;
521277541;AUDITION DU ROCHER;C;EUR;
521438341;PHARMACIE COINT-MELLICK;C;EUR;
521588764;JAUNEAU FABRICE COUVERTURE;C;EUR;
521609297;WAFARAYANE;S;EUR;
521717355;L.B.I.;C;EUR;
521735886;MARIE;C;EUR;
522006642;OPTIQUE MOREAU;C;EUR;
522051531;ARTMEN MENUISERIE;C;EUR;
522055151;EUROCAMAT;C;EUR;
522085638;ENTREPRISE DE MACONNERIE GRANDE;S;EUR;
522089556;EURL CHRISTIAN NICOLE;S;EUR;
522103399;SOCIETE BERENGERE LOGEZ;C;EUR;
522108596;P.S.M;S;EUR;
522203843;OXYLIUM;C;EUR;
522235258;HOTEL DE VILLE;C;EUR;
522284272;PIERRE SIMON;C;EUR;
522287689;EGIDE;C;EUR;
522488253;XL-EC - ENERGY CONSOMMABLES;S;EUR;
522508704;METAL R&J;C;EUR;
522579200;IMAGES IMMOBILIER;C;EUR;
522603349;BLACHIER AUTO;C;EUR;
522628643;BOUDOT ENERGIE;S;EUR;
522741438;SARL MAISONS ARIANE II;C;EUR;
522795939;AYPADALAN;C;EUR;
522815588;EREFERER;C;EUR;
522829878;EJB;S;EUR;
522837566;ALGISOFT;C;EUR;
522908839;SARL CABIDDU;C;EUR;
522958560;SARL SOLEIL ABERT-DIEBOLT;C;EUR;
522965128;L HIPPODROME;S;EUR;
523074748;LA PROVENCA;C;EUR;
523154904;BOCQUET;S;EUR;
523175636;SARL CAILLAUD ET FILS;C;EUR;
523257301;PIERAPHA;C;EUR;
523290013;AN.J;S;EUR;
523457612;JULLY;C;EUR;
523491199;SAS DU CHATELET-PHOTO;S;EUR;
523534428;NATURALIA LR;C;EUR;
523586766;JFR ACCESS;C;EUR;
523608826;GRANITS DU MOULIN DECO;S;EUR;
523783827;BATATA LA RAPÉE;S;EUR;
523831667;MALAWI;C;EUR;
523884617;CHOCOLACTE;S;EUR;
523922367;EGCSI;S;EUR;
524003209;TAXIS NADINE;S;EUR;
524102357;SC ELEC ENERGIE;S;EUR;
524110285;LUDOVIC B.;C;EUR;
524148608;ALUMINIUM 56;C;EUR;
524166709;EFFETVERT;C;EUR;
524184017;CHD;C;EUR;
524214541;AMBULANCES MENARD;C;EUR;
524235447;LA FEE D ARGENT;S;EUR;
524251477;MAHE CONSEIL ET DEVELOPPEMENT;C;EUR;
524390630;MG;S;EUR;
524429578;OPTIQUE LECOQ;C;EUR;
524498987;AQUITAINE EXPANSION;C;EUR;
524502929;CHRISTIAN LANDES;C;EUR;
524590403;DESCA;S;EUR;
524786381;CHESNELONG SARL;S;EUR;
524870482;A S STYLE;S;EUR;
524874526;ROSELEM;S;EUR;
524915790;SAS MAZAT CH. ET FILS;C;EUR;
525053799;DIRUM;C;EUR;
525094215;FONCIERE DU HAUT BARR;C;EUR;
525149043;SARL MENDES FRERES;C;EUR;
525156725;LAVAGE AUTO MONDONVILLE;S;EUR;
525190500;SARL DE KERZIOC H;S;EUR;
525238655;BAYET ENERGIE;S;EUR;
525289237;QUALI RETRAITE;C;EUR;
527536494;SARL LIEUTENANT NAU;C;EUR;
527561914;A D F D;S;EUR;
527568760;MERCIER;S;EUR;
527626675;SASU DANIELE;S;EUR;
527711139;BIO-MAT-SERVICES;C;EUR;
527817134;AU POULET D ARTOIS;C;EUR;
527830541;BIOMED FRANCE;S;EUR;
527852651;MOTO SPORT RACING 44;S;EUR;
528031925;S.A.R.L. ADONIS CARCASSONNE;C;EUR;
528037716;AUDILIANCE;S;EUR;
528061955;F.S.L.;S;EUR;
528069057;PIQUET;S;EUR;
528095680;SARL CABINET PGC;C;EUR;
528161888;EF. DESIGN;S;EUR;
528181001;ALBIZIA;S;EUR;
528184302;C ET D FITNESS;S;EUR;
528221187;CABINET CHRISTIAN LAUBIN;C;EUR;
528251341;ECO NAVETTE DEVELOPPEMENT;S;EUR;
528282890;BROCELIANDE COMBUSTIBLES;C;EUR;
528358906;PALG HOLDING;C;EUR;
528372758;FPE HAMMANN;C;EUR;
528496789;JR DEBARDAGE;C;EUR;
528561681;CENTRALE SOLAIRE DE BAIGNOLET;C;EUR;
528675929;ROTISSERIE L AILE OU LA CUISSE;S;EUR;
528761844;HORIZON;C;EUR;
528785207;GREG;S;EUR;
528878986;BELIN SANDRINE SOCIAL SECRETARIAT-B.3.S.;C;EUR;
528919665;TICETTAC;C;EUR;
529126708;VR PARTICIPATIONS SARL;C;EUR;
529174286;L'ECHO DES COMPETENCES;S;EUR;
529314007;SPOON;C;EUR;
529368318;TOUCHON IMMOBILIER;C;EUR;
529395352;EDC VET;C;EUR;
529487746;LE FARFADET;C;EUR;
529566408;LA PATINOIRE;C;EUR;
529597395;TERRE ET AMBIANCE;S;EUR;
529619025;EL EVENTS;C;EUR;
529627531;GUERET TP;C;EUR;
529651283;OBSESSION COIFFURE SARL;S;EUR;
529746174;AP SAVERNE;C;EUR;
529766669;C3M FINANCES;S;EUR;
529815870;THIN SECTION LAB;S;EUR;
529840464;AMELINE;C;EUR;
529916504;SARL TRANS FMA MEDITERRANEE;C;EUR;
530107093;CHARLES PENNE ARCHITECTE;S;EUR;
530211085;VINCE;S;EUR;
530246313;SYLVAIN RICAUD;C;EUR;
530320613;FROMAGERIE ARRIBE;C;EUR;
530357417;SARAGANE;C;EUR;
530379395;VRD PARTENAIRE;C;EUR;
530483668;A2C DIAG;S;EUR;
530506591;URBA 59;S;EUR;
530611078;SARL CREATIONS ARTISANALES;S;EUR;
530633411;HUFLO;C;EUR;
530687060;GOMOTO;C;EUR;
530687060;GOMOTO;C;EUR;
530687060;GOMOTO;C;EUR;
530738152;VICTORDIS;C;EUR;
530766815;GEOFFREY JARDINS;S;EUR;
530766815;GEOFFREY JARDINS;S;EUR;
530809789;LES CHEMINEES DU COTENTIN;C;EUR;
530851518;GUL ISTAMBUL;C;EUR;
530870849;LEONI;S;EUR;
530899723;STAND BY YOU;S;EUR;
530926922;BRETAGNE VOLETS REPARATION MOTORISATION;C;EUR;
530948769;DRE EURVAD;C;EUR;
530999895;BOIS DE LA HIAUTE;C;EUR;
531028991;L INSTANT FROMAGE;C;EUR;
531267151;HG LAVAGE;C;EUR;
531269397;LE LOUP;C;EUR;
531272532;CL FINANCES-CONSEILS;S;EUR;
531316420;LA QUINCAILLERIE;C;EUR;
531335404;LA CABANE LANDAISE;C;EUR;
531430007;ZEN ET JOLY;C;EUR;
531463693;EUS CONSEIL;C;EUR;
531518678;SARL FOUQUES DUPARC;C;EUR;
531543643;CERT;C;EUR;
531561926;SARL COTOGRAINS;S;EUR;
531640563;EURL BERNARD HERVE;S;EUR;
531668028;CHARPY;C;EUR;
531739407;PHARMACIE BRUNIN;C;EUR;
531917326;MOGIL;S;EUR;
531944841;ENTREPRISE UNIPERSONNELLE A RESPONSABILITE LIMITEE MAS ENTRE;S;EUR;
532028719;LEON GAUTHIER;C;EUR;
532042124;SARL LA BOITE ECO;S;EUR;
532097615;LOURINNE;C;EUR;
532219136;PADEXE ADMINISTRATION;C;EUR;
532298999;MAURO ANTHONY;C;EUR;
532451457;SARL EURO DEPANNAGE SERVICE;S;EUR;
532451457;SARL EURO DEPANNAGE SERVICE;S;EUR;
532666385;SYLLA;S;EUR;
532672441;DUOTHERM FRANCE;C;EUR;
532698552;A.C. TRADING;S;EUR;
532769775;BAYARD EVENEMENTIEL;S;EUR;
532793031;PALERMO EQUIPEMENT;C;EUR;
532921285;M C TRAVAUX;C;EUR;
532949203;NYMPHEA BEAUTE;C;EUR;
532960879;BHARI;C;EUR;
533054821;PIER' INVEST;C;EUR;
533079075;EURL QUALI PHIL.;C;EUR;
533139093;OLIVARE;C;EUR;
533152492;CHATEAU CHAPELLE;S;EUR;
533177150;PETITE BRASSERIE PICARDE;C;EUR;
533178372;M.A.D.;C;EUR;
533275434;SIAF INGENIERIE;C;EUR;
533297271;BOXER HOLDING;C;EUR;
533307682;PETIT A PETIT;S;EUR;
533346565;ACLA;S;EUR;
533354650;CONTROLE TECHNIQUE DES MINES SARL;C;EUR;
533386561;LES PEQUELETS;C;EUR;
533451571;GRAND VIN JCH;C;EUR;
533546016;SAS DE LA COMBE;C;EUR;
533570040;SARL MENDES;C;EUR;
533613972;VILLAGE IMMOBILIER;C;EUR;
533629705;VRD EAU CONSEILS;C;EUR;
533660734;FLERHY;C;EUR;
533662409;LEGRAND DIAGNOSTICS;C;EUR;
533698924;DESPAUX CREATION JARDIN;C;EUR;
533737540;SARL JESS;S;EUR;
533764098;FLEURS DESIGN;S;EUR;
533838637;CENTRE DE CONTROLE TECHNIQUE AUTOMOBILE FRACCICA;C;EUR;
533858643;PHARMACIE MARQUET;C;EUR;
533867362;DESCAMPS IMMO;C;EUR;
533885877;ROBAK;S;EUR;
534150263;L EPICERIE;S;EUR;
534177845;ARQITECTURE;S;EUR;
534206834;JUNKER ALSACE ASSISTANCE;C;EUR;
534215652;AUCHA INVESTISSEMENTS;C;EUR;
534235734;ELECTRICITE SOLAIRE DES TERRITOIRES POITOU-CHARENTES SIGLE:;C;EUR;
534320288;KORAKANH;S;EUR;
534360938;LYSI BUREAUX;S;EUR;
534360938;LYSI BUREAUX;S;EUR;
534360938;LYSI BUREAUX;S;EUR;
534405360;LAO;C;EUR;
534436381;CARREL FORMATION CONTINUE;C;EUR;
534457767;CHAUFF'85;C;EUR;
534460001;SARL PASQUIER FOURMY;S;EUR;
534467444;LE MOULIN;C;EUR;
534543699;LOIRE COPY;S;EUR;
534554613;SAS L'ILE DE JOSI;S;EUR;
534568688;DELTECH;C;EUR;
534585211;DMHIS (DATAMINING-HEALTHCARE-INFORMATION SYSTEM);C;EUR;
534592571;CUISINIERE NOMADE & CO;C;EUR;
534632112;POA GROUPE;C;EUR;
534724604;JCLD;C;EUR;
534786918;SARL C.T.B.D. SURAIS;C;EUR;
535214241;PARLONS PIERRE;S;EUR;
535228571;LE COMPTOIR DE NOS FERMES;S;EUR;
537120388;BISCUITS TRESCH;C;EUR;
537389553;SARL LORIS;C;EUR;
537654758;GARYSOFT;S;EUR;
537670358;N2A FERMETURES;S;EUR;
537819849;EVODE ELECTRICITE GENERALE;S;EUR;
537819849;EVODE ELECTRICITE GENERALE;S;EUR;
537908758;CIGMA;C;EUR;
537938177;CELIANDRE;S;EUR;
538011479;VINCENT MALVILLE;S;EUR;
538108978;MG 12;C;EUR;
538398181;LE CARRE;C;EUR;
538647199;ECVM;C;EUR;
538654153;OZOGNA;C;EUR;
538748625;EURL THOMAS;C;EUR;
538782962;NEHOLYS;C;EUR;
538866096;EURL GRALL FLORENCE;S;EUR;
538892050;ATELIERS SOLIDAIRES DE L ORNE;C;EUR;
538914300;ATS ALLIANCE TRAVAUX SERVICES;S;EUR;
538915984;B-FIM;S;EUR;
538924747;BATINAT;C;EUR;
538931825;T L SOGEST;C;EUR;
538984303;ERESV;C;EUR;
539083774;CASSIOPEE EXPERTISES;C;EUR;
539194332;2 MGP SPORT ET DÉTENTE;C;EUR;
539227330;LOIRET BOIS;S;EUR;
539237339;EXXON ET CO;S;EUR;
539301077;MENUISERIE DIDIER;S;EUR;
539301945;CONSEIL ACHAT BATIMENT;C;EUR;
539450940;SASU AU 29;S;EUR;
539450940;SASU AU 29;S;EUR;
539450940;SASU AU 29;S;EUR;
539471763;LA RENOMMEE;C;EUR;
539537084;BERNARD - DELAGE- RECONDO, NOTAIRES ASSOCIES;C;EUR;
539645143;SPORT PRODUCT DIFFUSION;S;EUR;
539831206;ELYASCOP;S;EUR;
539845230;ENAEL SAS;C;EUR;
539989046;SARL EN PAMIOS;S;EUR;
569501752;LES ETAPES TOURISTIQUES;C;EUR;
572051688;SAMES KREMLIN;C;EUR;
578501728;CHRIST ET PHILIPPOU;C;EUR;
578506149;ETABLISSEMENTS AMANN;C;EUR;
602650012;L IMMOBILIERE DE MONTEBOURG;C;EUR;
602650020;LA MONTFARVILLAISE;C;EUR;
617020672;SOCIETE STELLA PLAGE COTE D'OPALE;C;EUR;
637281114;SUPERETTE DES REMPARTS;S;EUR;
650501695;HIFI DE FRANCE - LOCASON - SONOFRANCE;C;EUR;
656580073;CARONET;C;EUR;
657180584;ALBE GAILLARD;C;EUR;
677180614;TRANSPORTS KIEFFER SOCIETE A RESPONSABILITE LIMITEE;C;EUR;
702050923;EURO FIDUCIAIRE ET CONSEILS;C;EUR;
716420674;J2C INVEST;C;EUR;
720200872;STE HOTELIERE DE CAMARGUE S.O.C.A.T.E.L.;C;EUR;
747220481;R B D;C;EUR;
749972030;CSF - CABINET SOCOBOIS FORMATION;C;EUR;
750044380;M.G.I;S;EUR;
750095119;GA SELECTION;S;EUR;
750118044;TAXIS DE CHARVIEU;C;EUR;
750194458;SARL BOTELLA;C;EUR;
750201329;UNE TARTINE DE PLAISIR;S;EUR;
750370009;BUREAU NATIONAL DE L'HABITAT;C;EUR;
750491011;SCB DOLCE VITA;C;EUR;
750509341;LES DEUX GOURMANDS;C;EUR;
750619629;GRANIT ET TRADITION;C;EUR;
750658668;CRAZYLINK;S;EUR;
750661472;BE ACTIV IT;C;EUR;
750669707;NATE CONSULTING;S;EUR;
750676264;CONTRE VINS ET MAREE;C;EUR;
750681363;SIONNET;C;EUR;
750712796;LA TABLE D AYZI;C;EUR;
750771404;MINDO;S;EUR;
750796625;SARL CASS DALL;C;EUR;
750801920;ETHICALYS;C;EUR;
750892861;CONTINO DEVELOPPEMENT COMMERCIAL;S;EUR;
750933343;V. ET F. BURDY;C;EUR;
750934820;SARL LES GOURMANDISES DU BOUDIGAU;C;EUR;
751056409;HOTEL D ANGLETERRE;C;EUR;
751238783;TENDANCE ALU;C;EUR;
751241084;PHARMACIE DU CLOS DE L'ARCHE;C;EUR;
751311820;CHAMP GRAND;C;EUR;
751355496;O.T.M. SERVICES;S;EUR;
751357385;ADRIEN LECOQ;S;EUR;
751421785;CHARLES;S;EUR;
751436874;LE DIAG;C;EUR;
751436999;GW ELEC;C;EUR;
751455312;LCP DIJON;C;EUR;
751475120;KYSEE;C;EUR;
751506247;MARCHE AU PAIN;S;EUR;
751532359;LES ATELIERS MACHEFER;S;EUR;
751819327;VIN SUR VIN;C;EUR;
751888926;PATRIMONIALP CONSEIL;S;EUR;
751904434;J.C.S.P.;S;EUR;
751938846;CHERI(E)S;S;EUR;
751975947;FERMOSUD;S;EUR;
752137224;CEED;C;EUR;
752146506;CONTECH INDUSTRIES;C;EUR;
752197475;HEB;C;EUR;
752218453;SARL WHITE;C;EUR;
752329839;PHIVAL;C;EUR;
752356568;SASU VIGNOBLE LA VOUTE;C;EUR;
752385997;DS;C;EUR;
752413559;ELIA SUD OUEST;C;EUR;
752418608;MANOIR DU BUQUET;C;EUR;
752446914;SARL METRO COMPACT;S;EUR;
752457572;L'AMMONITE;C;EUR;
752482802;CALM;S;EUR;
752487025;HERVE LE BUHAN CONSULTING;C;EUR;
752539700;PUBLI-GAT;C;EUR;
752575076;MARIE-PASCALE GALIBERT AUDIT;C;EUR;
752584789;SCS DELOGEAU;C;EUR;
752611319;SARL PUPIER RICHMARI;S;EUR;
752678730;LE SAINT LUNDI;S;EUR;
752711572;EEFFICIENCY;C;EUR;
752811091;CRAZYLOG;S;EUR;
752828889;L AGENCE DES ENFANTS;C;EUR;
752906701;SOGEGAB;C;EUR;
752935601;O BRASSEUR;C;EUR;
753023449;ORTHOCEANE;S;EUR;
753086305;I2J SOLUTIONS;C;EUR;
753160233;SOCOTEXT;S;EUR;
753187707;L ATELIER DES COULEURS;C;EUR;
753242536;AU COMPTOIR DES PRESTATIONS;S;EUR;
753288703;P.B.CONSULTANT;C;EUR;
753430636;ZEN TRANSPORT;S;EUR;
753458306;ISO MED;C;EUR;
753510908;CPFMG;S;EUR;
753702802;TRANSPORTS BRUNO;C;EUR;
753743848;STEPHANA;C;EUR;
753800721;CHASSIGNOLLE PARTICIPATIONS;C;EUR;
753909415;L ORANGERIE;S;EUR;
754037661;B.B.P.K.;S;EUR;
754037661;B.B.P.K.;S;EUR;
766800262;ETABLISSEMENTS CUART CHATTON;C;EUR;
769800830;HAMPIAUX SAS;C;EUR;
771801255;COMPTOIR FRANCAIS D OUTILLAGE;C;EUR;
776643793;ETABLISSEMENTS VIROLLET;C;EUR;
781162557;LAUJAC;C;EUR;
784143976;LES ATELIERS DE L ABBAYE;S;EUR;
784172975;ATELIER D'ARCHITECTURE KNORR SEBASTIEN;C;EUR;
786043547;L'ART ET LE BOIS STE D'EXPLOITATION;C;EUR;
787380260;LOCATION TRANSPORT FONTOY;C;EUR;
788184299;SAS LANDAIS ANDRE;C;EUR;
788416501;PRO'ELEC;C;EUR;
788421816;AUTO-ECOLE BASTELICACCIA;S;EUR;
788428787;JULYS;C;EUR;
788476927;F & L REALISATIONS;C;EUR;
788605269;SARL ETA PRIGENT;S;EUR;
788642841;FOURNIL CAMPAGNE LAROUSSE;S;EUR;
788719292;GEXOF AUTOMOBILES;C;EUR;
788790715;CA-RO;C;EUR;
788892826;AQUA MUNDUS;C;EUR;
788896215;BOUFFAUT ECO ENERGIE;C;EUR;
788907897;BIONARIA;C;EUR;
788926327;SARL E.R.CREATION;C;EUR;
788950889;WICAP DEVATICS;S;EUR;
788963999;PLOSAM;C;EUR;
788994275;BOULANGERIE DU VILLAGE;C;EUR;
789151370;SARL BOULLY;C;EUR;
789151370;SARL BOULLY;C;EUR;
789251964;A.P.N.;C;EUR;
789317948;MARCELYMMO;C;EUR;
789326279;PHARMACIE PHEULPIN BIENFAIT;C;EUR;
789472016;LA GRUAULAISE DU BATIMENT;C;EUR;
789476710;RAY;C;EUR;
789555562;CTD CONTROLE TECHNIQUE DIEBLING;C;EUR;
789715604;SOLARKEY;C;EUR;
789745577;PRO ELEC;S;EUR;
789751450;NOLA INVEST;C;EUR;
789790508;DUSTY ROSE SALOON, CORSICAMOTORCYCLES LOCATION;S;EUR;
789855582;HOLDING MULLER OPTIQUE;C;EUR;
789858552;SOGESPA;S;EUR;
789873361;ARIEL;S;EUR;
789886421;SARL GAUTIER XAVIER;S;EUR;
789889433;360 DEGRES;S;EUR;
789919149;BANNIER JEAN-PHILIPPE;C;EUR;
789924453;TRINITAS;S;EUR;
789924453;TRINITAS;S;EUR;
790005862;CAMPING LE MERCIER;S;EUR;
790092258;DOMAINE DE LA MANDOUNE;C;EUR;
790125686;EGRM;S;EUR;
790125686;EGRM;S;EUR;
790180046;CERIFIN;C;EUR;
790210314;RETOUT ASSOCIES NORMANDIE;C;EUR;
790212740;JM2D CONSULTING;S;EUR;
790240337;MALEA;C;EUR;
790243224;SARL SUN MOON;C;EUR;
790280044;L'AMIE DE PAIN;C;EUR;
790336770;PHARMACIE SAINTE LUCIE;C;EUR;
790480925;SARRE UNION PL SERVICES;C;EUR;
790531347;LACROIX N.R.J.;S;EUR;
790534820;SPFPL MONICARD;C;EUR;
790549604;ANTINCLE;S;EUR;
790549604;ANTINCLE;S;EUR;
790550065;S.A.S. ABC-HOLDING;C;EUR;
790730675;LUXE FACADE;S;EUR;
790736607;CHARLES ROZOY;S;EUR;
790763817;CADEI (COTES D ARMOR DECORATION EXTERIEURE ET INTERIEURE);C;EUR;
790803076;VBTP-VINCENT BOIS TRAVAUX PUBLICS;S;EUR;
790855845;GSS TP;S;EUR;
790860654;EURL SAINT VERAN;C;EUR;
790860654;EURL SAINT VERAN;C;EUR;
790906747;BELLEIL;S;EUR;
790989529;L'ALLUMEUSE EDITIONS;C;EUR;
791018856;BCDAO;S;EUR;
791070907;SAVE;C;EUR;
791087067;VERSON;S;EUR;
791153224;NEGOSHOP;C;EUR;
791294374;IRIS FLOWER;C;EUR;
791312838;LUMOS;C;EUR;
791395072;SARL DUCOS;S;EUR;
791441785;MERYLOU;C;EUR;
791505605;LINA;S;EUR;
791508021;CASA NOSTRA;S;EUR;
791513690;EJ IMMOBILIER 2;C;EUR;
791551708;PIOLAIN CARRELAGE;C;EUR;
791670979;STUDIO "LE CARRE";C;EUR;
791687858;GENIE ELECTRIQUE SERVICE;C;EUR;
791785868;RP PARTICIPATION;C;EUR;
791786429;MB PASSION;C;EUR;
791956436;B&R CHAGNAUD;C;EUR;
791959406;JS CHALLENGER;S;EUR;
792031692;AP MAINTENANCE;C;EUR;
792070286;ARDECAM;S;EUR;
792085482;PHARMACIE CANAL-DREYFUS;C;EUR;
792086076;PRORESIST;S;EUR;
792145997;2LDESIGN33;C;EUR;
792283673;NAVARRE;C;EUR;
792388340;SAS BANDB;C;EUR;
792418402;A.C.;S;EUR;
792439069;MELISSA GOUGE;S;EUR;
792477564;BRETAGNE SUD HYGIENE;S;EUR;
792477598;AU FIN GOUSIER;C;EUR;
792482465;IECAN;C;EUR;
792520405;L.I.F.E. WORKS;S;EUR;
792524993;PVA PAU;C;EUR;
792526576;GARAGE BOUSCATEL;S;EUR;
792552820;JMTS;C;EUR;
792609307;LOUIS CONSEILS;C;EUR;
792640377;AVEYRON ALU;C;EUR;
792665341;AG3C;C;EUR;
792672024;AUTO ECOLE SIMONIN;C;EUR;
792785602;EJC GROUP;C;EUR;
792847691;SARL TONNEL;C;EUR;
792883043;SARL AUX JARDINS 2 VINCENT;S;EUR;
792910341;M J FACADES;C;EUR;
792954653;21 BOULEVARD;C;EUR;
792993354;FREMENT DEVELOPPEMENT;S;EUR;
793003286;N CENTRE AUDITIF SAS;C;EUR;
793102484;CAMPAGNE BAUDELOUP;S;EUR;
793118795;HYDRO LEAK;C;EUR;
793135765;EMPAY;C;EUR;
793140872;CUBA EVENEMENTS;S;EUR;
793171588;SARL ROMAIN TRIBAUT;C;EUR;
793195785;SOLO & CO;S;EUR;
793199068;S3FONDS;C;EUR;
793372632;CONCEPTS ESPACES EXTERIEURS;C;EUR;
793427097;HILLEREAU PEINTURE;S;EUR;
793441478;PHARMACIE KANDOUSSI;C;EUR;
793469008;M.N.T. CHAUVET;C;EUR;
793503319;MENANT ELECTRICITE;S;EUR;
793543869;BOBINE DE FILLE;S;EUR;
793562125;PHARMACIE DE CHERVES-RICHEMONT;C;EUR;
793567264;XAVIER LACROIX MENUISERIE;C;EUR;
793570292;FAIRY;C;EUR;
793618927;NOARIA TOURNAY;C;EUR;
793638446;INBOX CAFE;S;EUR;
793680927;ERB IOAN;C;EUR;
793690736;AB2 CASH;C;EUR;
793761594;BS INGENIUM;C;EUR;
793813247;BOUCHER CHAPPE CENTRE AUTO;C;EUR;
793851924;SARL LS AUTO;S;EUR;
793860388;MAISON FABERT;S;EUR;
793913377;AGENCE IMMOBILIERE CENTRALE;C;EUR;
793959057;TRAVERS V.R.D. AUTO;S;EUR;
793970922;LANDI SUPPLY;S;EUR;
793972597;SAM & CO;S;EUR;
794030767;PHARMACIE DUPAS-LEPETIT;C;EUR;
794168153;JOLIKAU SARL;C;EUR;
794282244;S.B.P;C;EUR;
794312900;L ATELIER DE MYLENE;S;EUR;
794324590;LA ROSE BLEUE;C;EUR;
794431577;DUIVON LOCATIONS;S;EUR;
794484352;JADOR;C;EUR;
794491266;ALTERNATIVES METAL INNOVATION;C;EUR;
794523662;BOUCHERIE OLIVIER BARBIER;C;EUR;
794530071;LIONEL FAURY;C;EUR;
794565580;TONY ROMERA;C;EUR;
794613489;ECO CHAUFF CLIM;C;EUR;
794616037;BIO DU LAC;C;EUR;
794652768;GOBBIN;S;EUR;
794655829;A.L.AUTOMOBILE;S;EUR;
794655829;A.L.AUTOMOBILE;S;EUR;
794682062;LOCADANCE;S;EUR;
794799379;ALEX GRAMMATICO;C;EUR;
794808048;LIBERGE;C;EUR;
794826461;BOWLING DE CHALLANS;C;EUR;
794896308;SWAN & BOIS;C;EUR;
794966614;RIPPLE MOTION INVESTISSEMENTS;C;EUR;
794998096;SAILLANT DECO;C;EUR;
795014828;FASHANDY;S;EUR;
795037738;GOURBESVILLE DAVID;C;EUR;
795136928;MACAROLA;C;EUR;
795173400;SANPER;S;EUR;
795403336;ACTIV SANTE;S;EUR;
797394038;BK-ELEC;S;EUR;
797556438;FOURTINE TRAVAUX SPECIAUX;S;EUR;
797675428;PHYT'INTER;C;EUR;
797747003;BOULANGERIE WAGNER;C;EUR;
797949864;ATLANTIQUE CONSTRUCTION;S;EUR;
798100798;COTE BLEUE CONSULTING;S;EUR;
798102588;OC PEINTURE;C;EUR;
798123956;GAZ BIKES;C;EUR;
798221123;O.P LES FRUITS DE CHEVAL BLANC;C;EUR;
798301834;LE FOURNIL CAMAZEEN;C;EUR;
798606430;NAUTICAL WOODS;S;EUR;
798723102;HABBOUBA;S;EUR;
798793915;ACTARUS;C;EUR;
798846143;GLHF;C;EUR;
798846143;GLHF;C;EUR;
799086772;SELARL DU CABINET DENTAIRE DU DR LILIAN LIEBAUT;C;EUR;
799110358;SELARL DU CABINET DENTAIRE DU DR CHRISTIAN MALHER;C;EUR;
799152228;CLIMAGY FRANCE;S;EUR;
799176359;LILY-ANN;C;EUR;
799247713;ACTUAL TP;C;EUR;
799253224;ACTUAL TERTIAIRE SUD EST;C;EUR;
799317748;SARL LAMAJONE;S;EUR;
799346333;S.P.L - SOCIÉTÉ DE PROMOTION DU COMPIÉGNOIS ET D'EXPLOITATIO;C;EUR;
799416060;COULOMBEL BERNARD;S;EUR;
799430400;HOLDING ROUGES;S;EUR;
799540323;CENTRE AUTO ELECTRONIQUE;C;EUR;
799542154;CHENE LAURENT;C;EUR;
799593009;MG CONSEIL;C;EUR;
799784012;SARL FRIGO DEPANNAGE;C;EUR;
799792619;A2CL;S;EUR;
799921234;THONAT DELICE;C;EUR;
800005027;SAS PAQUERETTES;C;EUR;
800127847;CLTZ;C;EUR;
800175457;BERGE ADRIEN DISTRIBUTION;C;EUR;
800218083;DIAPASON PRODUCTIONS;S;EUR;
800303034;RAMON;S;EUR;
800363798;AUX DOUCEURS DU PERCHE;S;EUR;
800372245;VAL FINANCES;S;EUR;
800467391;TUPA;S;EUR;
800474801;PHARMACIE GERBER;C;EUR;
800479172;CALOPREF;C;EUR;
800481947;PHARM ACT;C;EUR;
800505034;CAYROL BOIS;S;EUR;
800539355;OCP COM;S;EUR;
800547671;LANDIMO;C;EUR;
800556326;SEDELIMA;C;EUR;
800592354;JAZZ LEASE;C;EUR;
800718686;EURL TOMNOA;C;EUR;
800931412;RIV CLEAN;S;EUR;
801048604;NEW D CONSEILS;C;EUR;
801050097;NAVETTES MB SELECT;S;EUR;
801065483;ETS SEGEAT;C;EUR;
801122904;INSTITUT LA VIE EN ROSE;C;EUR;
801131244;SOCIETE NOUVELLE LAURENT DAVID;C;EUR;
801153313;GARAGE DAVENNE;S;EUR;
801184185;BERTHON MENUISERIE;S;EUR;
801201849;NG IMMOBILIER;S;EUR;
801215591;MONEIN AUTO BILAN;C;EUR;
801227323;QUALI-TESS;C;EUR;
801231614;PHARMACIE DU PALAIS;C;EUR;
801433442;AU RENDEZ-VOUS;S;EUR;
801475518;VENDS MA VOITURE;S;EUR;
801496142;B.V.T.D.I. BAZILE VINCENT TOUTES DISTANCES INTERNATIONAL;S;EUR;
801500950;SARL HAMONIC/DURAND;S;EUR;
801513276;SAS ICEO LE CIRQUE;C;EUR;
801561309;SARL BULLE D HAIR;S;EUR;
801574211;IK RENOV';S;EUR;
801588682;GILTZA;C;EUR;
801649641;TRANSACTION IMMO 26;C;EUR;
801787961;B.T.S. LAVAGE;C;EUR;
801788316;ENTREPRISE FABRICE GIRAUDIER;C;EUR;
801813981;EURL EGM-ENR;C;EUR;
801815416;VDT FORMATION;S;EUR;
801846700;MENUISERIE NOUVELLE MANCHOISE;C;EUR;
801861337;VOTRE ANIMAL SERVICES;C;EUR;
801871484;OUTILTECH;C;EUR;
802029124;DWS DYNA WING SAIL;C;EUR;
802054999;EPIC;S;EUR;
802060673;LO-RI-PO-MI;S;EUR;
802066886;DOUC'EVASION;S;EUR;
802124313;CLOUTEAU SARL;C;EUR;
802127837;PRESENZA HYGIENE;S;EUR;
802131268;LIJUN MODE;S;EUR;
802199554;PRESTI SOLUCE;S;EUR;
802228163;AUBETERRE ENERGIE;S;EUR;
802238170;CHRIS BIKES DIJON;C;EUR;
802290239;AMBIANCE PLOMBERIE;S;EUR;
802314617;CHAMBARD HOLDING;C;EUR;
802320127;LES ORIGINES;C;EUR;
802378554;OPTIQUE CHARRETIER;C;EUR;
802436386;COULEUR SALEE;S;EUR;
802499038;ROYO;C;EUR;
802507715;LES FLEURS DU VERMOIS;S;EUR;
802680769;FIRST COMPANY;S;EUR;
802747030;SAS DORLY THIERRY;C;EUR;
802785758;AGENCE GRAVUPLAC PUBLICITE;S;EUR;
802830760;FOURNIER DASPE TERRASSEMENTS;C;EUR;
802830760;FOURNIER DASPE TERRASSEMENTS;C;EUR;
802830760;FOURNIER DASPE TERRASSEMENTS;C;EUR;
802893636;ACTUAL SUD OUEST;C;EUR;
802910216;RESTAURANT MEY;S;EUR;
802963157;LB EVENT;C;EUR;
802986299;FWF;C;EUR;
803023548;KALTRUCKS FRANCE;C;EUR;
803027135;ABRI BATISSE;C;EUR;
803117936;LYNA;C;EUR;
803165299;AMBULANCES GARLOT;C;EUR;
803173038;ARCHIS;C;EUR;
803182211;SOLEIL FACADES 68;C;EUR;
803217231;CHLEA;S;EUR;
803232313;ROBBY;S;EUR;
803292424;CRECH'N'DO;S;EUR;
803387497;LE CLOS DE LA MARGERIE;C;EUR;
803498856;AUTHENTICITE IMMOBILIER;C;EUR;
803514694;GABI GAZ;S;EUR;
803520014;ARTEMIS SERVICES;C;EUR;
803527274;SMP - SOCIETE MAZAMETAINE DE PLIAGE;S;EUR;
803567114;GERMAIN POIDS LOURDS;C;EUR;
803671304;BOIS ET ENERGIES DU CENTRE;C;EUR;
803671304;BOIS ET ENERGIES DU CENTRE;C;EUR;
803671304;BOIS ET ENERGIES DU CENTRE;C;EUR;
803725571;LMKP;C;EUR;
803729557;FDS CERES;C;EUR;
803751072;EURL SAMARASPA;S;EUR;
803751072;EURL SAMARASPA;S;EUR;
803754118;SARL VINS ET COLLECTIONS;C;EUR;
803758127;P.H. CONSEILS;C;EUR;
803760230;SPFPL HERISSON;S;EUR;
803811876;BERTOLOTTI;S;EUR;
803853696;APP ALL DOMOTIC;S;EUR;
803882455;SAS B&BC;C;EUR;
803886183;CAPTURE DESIGN;C;EUR;
803902998;DECO EVOLUTION;C;EUR;
803905256;GRANDE PHARMACIE THERMALE LE FLEM;C;EUR;
803908201;SPS 85;C;EUR;
803936285;RPE60;S;EUR;
803964329;GDND;C;EUR;
803969807;IR FORMATION;S;EUR;
803987437;LA PAUSE ROCHOISE;C;EUR;
804017234;REFERENCE RH;C;EUR;
804049385;STAIRWAY TO EVENTS;C;EUR;
804072585;E.P.R 13;S;EUR;
804089456;UNPEUFLOU;C;EUR;
804132264;H2O OUEST;S;EUR;
804204857;DTC LOCATION;C;EUR;
804229656;SUITE D IDEES;S;EUR;
804314698;BIV;C;EUR;
804356582;COOL OEUVRE;C;EUR;
804415867;ELXY;C;EUR;
804543965;ALSS PRIM;S;EUR;
804625812;SARL BESSA;C;EUR;
804652048;HOLDING BOTS FINANCES;S;EUR;
804800720;REDFISH;C;EUR;
804804607;FB CHAINES SARL;C;EUR;
804854321;COPAINS COPEAUX;S;EUR;
805126588;FLEURS DE MAI;S;EUR;
805240769;VAKS LOLA;S;EUR;
805337664;RODRIGUES;C;EUR;
807388921;EVIDENCE SOURCING DISTRIBUTION;S;EUR;
807478227;2VL;C;EUR;
807478227;2VL;C;EUR;
807488838;HOLDING LVR;C;EUR;
807504949;WA SCHMITT ET LEVEQUE-GRIFFANTI ASSOCIES;C;EUR;
807511142;LOCAPITO;C;EUR;
807516463;EURL COLANESI RAPHAEL;S;EUR;
807604442;INVESTO;C;EUR;
807632732;SECRETS DE FEMMES;C;EUR;
807652078;EURL LA TABLE DE JACQUOU;C;EUR;
807773361;CARRE SAINT LOUIS;C;EUR;
807792403;SKYNET PRODUCTIONS;S;EUR;
807810775;ISALTO;C;EUR;
807813068;B3C EXPERTS;C;EUR;
807875034;COMPTOIR DE LA DIGUE;C;EUR;
807928601;THE RISE HOLDING;C;EUR;
807970892;SUBLIM' BEAUTE;C;EUR;
807975438;LECHA;S;EUR;
808005268;PIERSON;C;EUR;
808016216;LAMP;C;EUR;
808072516;ERIC RICHARD AUTOMOBILES;C;EUR;
808137913;FORTUN FINANCES;S;EUR;
808141865;SNA CONTINO - MR CONTINO NICOLAS;S;EUR;
808174023;EUROMED EXPRESS;S;EUR;
808183032;PICARD CHAPITEAUX;C;EUR;
808192637;L ATELIER GLOBE TROTTER;C;EUR;
808198055;AMBRUS PEINTURE;S;EUR;
808234264;CJFD FINANCES;C;EUR;
808340459;EL CACTUS;S;EUR;
808423925;SARL NAMIRA;S;EUR;
808529739;JUMELLIE469;C;EUR;
808730410;BEAUTE DERNIERE GENERATION;S;EUR;
808743975;EJ IMMOBILIER 5;C;EUR;
808768220;PASCAL LEVEAU MULTI SERVICES;C;EUR;
808801385;I.P.L. IMMO;S;EUR;
808812747;EQUILIBRAE;S;EUR;
808813141;ALTÉRITOIRE;S;EUR;
808832943;IN EXTENSO IDF RAEC - REVISION ADMINISTRATION EXPERTISE COMP;C;EUR;
808993406;CORALIE SKI PERFORMANCE;S;EUR;
808997662;DELFORTRIE;S;EUR;
809031206;ADVANCEMENT CONSEIL;C;EUR;
809036346;CMC RENOVATION;C;EUR;
809070956;COACHING EMPLOI ET CARRIERE;S;EUR;
809078967;CAROSEB;S;EUR;
809167273;AUX GATINETTES DE CHAMPROND;S;EUR;
809170665;ENERGITEC;C;EUR;
809256787;GWENDY;S;EUR;
809269756;PACA COIFFURE COTENTIN;C;EUR;
809278328;CHENIER T BATIMENT;C;EUR;
809311426;LEROUX-ANFRAY;C;EUR;
809318470;SELARL PHARMACIE GUILLOZ MENALE;C;EUR;
809324551;CARROSSERIE-DECO-PASSION;S;EUR;
809353527;IMAGE CADRE DISTRIBUTION;S;EUR;
809357841;DIEGOMAX;C;EUR;
809360308;L'ATELIER DES JUMEAUX;C;EUR;
809409543;DESIGN AUTOMOBILE;S;EUR;
809460975;EJ IMMOBILIER 6;C;EUR;
809462245;STUDIO M2V;S;EUR;
809463516;BATICOS;S;EUR;
809645443;SIMADE;S;EUR;
809673692;LATGC;S;EUR;
809760317;JCV;S;EUR;
809848559;DOLMEN EVENTS;C;EUR;
809857071;DELICES DU PORTUGAL;S;EUR;
809864374;MITAN;C;EUR;
809866635;HIRSCH FRANCE;C;EUR;
809877681;LINK ACCESS;C;EUR;
809903115;BELHA;C;EUR;
809908858;BENOIT ET ASSOCIÉS - MANDATAIRES JUDICIAIRES;C;EUR;
809914641;LE BOUDOIR DE VICTORIA;S;EUR;
809945736;COOKIZ SANTÉ;C;EUR;
809969439;R.T.J.;S;EUR;
810009464;SCLM;C;EUR;
810018507;HH FRESH MINI MARKET;S;EUR;
810031542;GROUPE 3S;C;EUR;
810055202;AUX DELICES DE STAN;S;EUR;
810055202;AUX DELICES DE STAN;S;EUR;
810079913;PSYCHOSUNDGAU;C;EUR;
810094094;RENOV-JL;S;EUR;
810160283;SERRURERIE FERRONNERIE GANNATOISE;S;EUR;
810230391;CDA CONSULT;C;EUR;
810258541;MURTOLI DISTRIBUTION;S;EUR;
810280867;STAR KEBAB;S;EUR;
810283309;LMDG LA MODE DE GAELLE;C;EUR;
810320002;D2C;C;EUR;
810353896;LORRAINE APPRO;S;EUR;
810436204;BATISOL 13;S;EUR;
810521377;POM SEL;S;EUR;
810523910;MON JOLI SAUTOIR;S;EUR;
810561928;FLORENT MERCIER EBENISTERIE;C;EUR;
810615880;SPORT R 40;S;EUR;
810644526;SOCIETE MARSEILLAISE DE BATIMENT;S;EUR;
810648956;FK AUTO;S;EUR;
810654087;HOUSSIN DIDIER;S;EUR;
810657007;LBDC;C;EUR;
810700591;PATRICK PILLEMONT CONSEILS;S;EUR;
810726307;CITY SHOP;S;EUR;
810801894;ELOISE COIFFURE;C;EUR;
810855460;LA FABRIQUE FRANCAISE;C;EUR;
810880484;TITOF;S;EUR;
810931642;LE SAHARA;C;EUR;
810979203;C.F.J.;S;EUR;
810982488;GMS FRANCE;C;EUR;
811029834;CONSEIL, FINANCEMENT ET RELATIONS BANCAIRES;C;EUR;
811058627;TGK CONSTRUCTION;S;EUR;
811077577;PRO CONCEPT INTERNATIONAL FQ;C;EUR;
811109248;LE RESTAURANT DES HALLES;C;EUR;
811120187;GIBEX;S;EUR;
811143981;MACH;C;EUR;
811249531;2 ETC.;C;EUR;
811316686;SRAE MA;C;EUR;
811316694;SRAE RA;C;EUR;
811316702;SRAE IN;C;EUR;
811316710;SRAE OU;C;EUR;
811324722;LA RIVAYNE;C;EUR;
811325117;EXPERTIAL FINANCE;C;EUR;
811509694;CELINE B.;S;EUR;
811515246;SMD45;C;EUR;
811516848;PICARD ET CHAPUIS;C;EUR;
811516848;PICARD ET CHAPUIS;C;EUR;
811535848;CORSE IMMERSION TRAVAUX;S;EUR;
811553239;PRINCE BEL HAIR;S;EUR;
811601350;LAFFOND SAMUEL;C;EUR;
811608132;ARCAMA;C;EUR;
811625060;JUKEBOXX;S;EUR;
811636943;BRIAND PAYSAGE;S;EUR;
811665165;SYS.A.P INDUSTRIES;S;EUR;
811690296;ALLANIC HABITAT;S;EUR;
811696780;SAS DUHO PAYSAGE;C;EUR;
811719228;J&J PAYES;S;EUR;
811735737;CENTER H AUTO;C;EUR;
811763770;MASSILVA;C;EUR;
811768472;SAINT MARKET;C;EUR;
811786979;MONTAUBAN DEVELOPPEMENT;C;EUR;
811824226;ANIMATOM;C;EUR;
811904739;ABYSS SERVICE;S;EUR;
811911734;ART FUM PRO;C;EUR;
811919794;GILLES ROLECK;C;EUR;
811999358;LAPB;C;EUR;
812034403;FMJ;C;EUR;
812036721;INFINI'TIFS MV;C;EUR;
812036754;LE TIROIR AUX SOUVENIRS;S;EUR;
812045037;RESTO MANY TOSUN;C;EUR;
812089381;LE COMPTOIR DES LUNETIERS;S;EUR;
812089621;ETA JÉRÔME CHARPENTIER;S;EUR;
812089647;SEBK;S;EUR;
812123073;LOMARIN;C;EUR;
812138733;VIZIO FORCE;S;EUR;
812144129;PHARMACIE JULIEN;C;EUR;
812289130;REALIZ AGENCY;S;EUR;
812293702;MENUISERIES CONSEILS FERMETURES;C;EUR;
812303436;LE GRAND LONS;S;EUR;
812359149;CAZETTE FRERES;C;EUR;
812372381;LE BERLINOIS;S;EUR;
812374759;MP-TAXI90;C;EUR;
812415099;PLANTENERGIES;C;EUR;
812440238;TOUCAN CONSEIL;S;EUR;
812468270;SPFPL JTPO;S;EUR;
812491884;IDC LOCATION;C;EUR;
812505915;FARRAN;S;EUR;
812532398;ETJ BATIMENT;S;EUR;
812564821;O DOUBS TERROIR;S;EUR;
812575116;MS COSMETICS CONSEIL;C;EUR;
812607703;AITAC;S;EUR;
812609980;FENG CHEN;C;EUR;
812611648;RG VISION;S;EUR;
812651875;CAMA;C;EUR;
812677375;LES P TITES CASSEROLES;C;EUR;
812706315;MALTOBAR;S;EUR;
812719011;MAXLEY INVESTISSEMENT;C;EUR;
812723385;MEDINA;S;EUR;
812723385;MEDINA;S;EUR;
812785251;ALEXANDRE FINANCES;S;EUR;
812785392;LVFA;S;EUR;
812810224;ESPACE LE PAVE;S;EUR;
812827442;L AFTER WORK;C;EUR;
812835387;PROLUNA;C;EUR;
812876639;EURL CDH CUISINES;C;EUR;
812926251;CAJUS PATRICK SARL;S;EUR;
813012291;AZIMUTH ENERGIES;C;EUR;
813038619;LATITUDE LM;S;EUR;
813062478;JLF BUSINESS;C;EUR;
813074358;MB;C;EUR;
813092368;BM6;C;EUR;
813189248;MENDO;S;EUR;
813205846;AUPIEDUMUR;S;EUR;
813221280;SAVIBIO;C;EUR;
813262292;GIGA MOTORS;C;EUR;
813280906;SAS VIEL;C;EUR;
813301611;B.H NETTOYAGE;C;EUR;
813464930;JULIEN MAREE;C;EUR;
813505690;ELECTRICITE GENERALE TABARDEL;S;EUR;
813533767;LANCREL FLEURS;C;EUR;
813583184;AXELLIAN;C;EUR;
813592102;PHARMACIE LUTARD;C;EUR;
813604949;SELARL DU DOCTEUR THIERRY MANOS;S;EUR;
813612926;DSBTP;S;EUR;
813613072;Ô PÉCHÉ MIGNON;C;EUR;
813626256;XABIERENA;C;EUR;
813628039;MATERIEL EQUESTRE DIFFUSION;S;EUR;
813667607;PGS BOIS METAL;C;EUR;
813840097;NETHARON;C;EUR;
813845484;MA BOUTIQUE MARKETING;S;EUR;
813854619;SOLS UTIONS;C;EUR;
813874831;LE COMPTOIR GOURMAND DE LOL;S;EUR;
814128401;FM TECH;S;EUR;
814181681;PHT;C;EUR;
814188363;ALIMENTATION BOUCHERIE DE FOUSSAIS;S;EUR;
814193454;ONI;C;EUR;
814250361;OPNA;C;EUR;
814291621;SAS DUCROT;C;EUR;
814316634;TRANSPORTS GROUX;C;EUR;
814357687;LA CHARRUE;C;EUR;
814379079;YLANG PARTICIPATIONS;S;EUR;
814399663;FEH;C;EUR;
814484549;AC2ELEC;C;EUR;
814540340;PHARMACIE DE LA POSTE;C;EUR;
814565420;FIDAIX;C;EUR;
814570222;SAMETO;C;EUR;
814583753;STEPHAN BENJAMIN PEINTURE;S;EUR;
814663530;ARCHIMOB;S;EUR;
814746616;UP IMMO GESTION;C;EUR;
814781589;LORESYA;C;EUR;
814792024;MENUISERIE GINESTE PÈRE & FILS;C;EUR;
814796231;TLH;S;EUR;
814890497;HBAD FINANCES;C;EUR;
814927489;SAS LE MAUVAIS GARCON;S;EUR;
814954848;FRISELLA SARVISIU;S;EUR;
814954848;FRISELLA SARVISIU;S;EUR;
814969754;ANA;C;EUR;
814982211;LAFOREST;C;EUR;
815012067;DDPS;S;EUR;
815070339;MARCEL DIFFUSION;C;EUR;
815076310;ACTUAL TOULON FABIEN;C;EUR;
815094610;SOLVAFIN;S;EUR;
815127139;PHARMACIE DE SIMIANE;C;EUR;
815160825;ROSA;S;EUR;
815242581;MMRL HOLDING;C;EUR;
815257605;ACTUAL LAVAL CENTRE;C;EUR;
815258223;ACTUAL THONON;C;EUR;
815261961;STE AUTO 31;S;EUR;
815267349;PCG SYNTONIE;S;EUR;
815312673;EVERGREEN;S;EUR;
815329388;BOULANGERIE DE DOMART;C;EUR;
815332291;FICAP;C;EUR;
815358411;NERESSY SECURITE;S;EUR;
815389192;C.R.I;S;EUR;
815392113;ASAP FRANCE;C;EUR;
817382005;PHARMACIE MULLER;C;EUR;
817382872;CLOE DETECTION;C;EUR;
817386568;CORPE;C;EUR;
817389596;WAKE PARADISE 72;S;EUR;
817436215;EN VIE DE PAIN;C;EUR;
817437155;MAJENAT SAS;C;EUR;
817482714;CHABICHOU & CO;C;EUR;
817601180;LOGICTRANS;S;EUR;
817622764;LGJB;C;EUR;
817635519;SERVIPROPRE 55;S;EUR;
817659709;AIXAT;C;EUR;
817697808;SARL HG CONSTRUCTION;C;EUR;
817786239;APBMONTESSORI;C;EUR;
817788177;DEPILATION AVIGNON;S;EUR;
817864754;SARL PACEY NICOLAS;C;EUR;
817915192;UN DEJEUNER AUX GRANIERS;C;EUR;
817974959;VULPESLEO;C;EUR;
818042426;EMKI POP;S;EUR;
818053639;JST AMENAGEMENTS;S;EUR;
818145351;BCO VINTAGE SPIRIT;C;EUR;
818243933;GL2C PATRIMOINE;S;EUR;
818306904;M'BARROY;S;EUR;
818367310;R.THORIN;S;EUR;
818373953;D-PRODUCTION;S;EUR;
818404006;MARTINVEST SOCIETE DE PARTICIPATIONS FINANCIERES DE PROFESSI;C;EUR;
818408361;LA TANIERE;C;EUR;
818408775;MARCHE TROPICAL;S;EUR;
818411704;KRO M;C;EUR;
818472896;ALINAT SPA ET PISCINE;C;EUR;
818503377;SARL L OUSTAU DI GALINE;S;EUR;
818535627;APH;C;EUR;
818633117;FORGEARD KEVIN;C;EUR;
818642480;SARL VDS;S;EUR;
818651028;ASSISTEC;C;EUR;
818693996;SRMA SAS;S;EUR;
818738171;LE DONJON;C;EUR;
818758500;GEDEON;C;EUR;
818774473;SARL CASAVIANNE;S;EUR;
818781577;A+B CONSTRUCTION;S;EUR;
818786808;HOLDING FAURE;C;EUR;
818808719;AUTONET PLUS;C;EUR;
818877003;ROUERGUE MESSAGERIE EXPRESS;S;EUR;
819022955;KELEO SOLUTIONS;C;EUR;
819040098;JOY;C;EUR;
819060484;F.E.M TECH;S;EUR;
819072604;MOTEUR-S;C;EUR;
819129842;EURL DIDIER COUTIER;C;EUR;
819136169;ARKIMA;S;EUR;
819155417;ACCESMOB;S;EUR;
819162462;SNC ACTUAL TROYES;C;EUR;
819165531;BNB CARS;S;EUR;
819210824;ELEC 63;C;EUR;
819250911;GNT IMMOBILIER;C;EUR;
819293556;JPS;S;EUR;
819302274;PARTENARIAT PROMOTION;S;EUR;
819345026;CJA;C;EUR;
819386160;O GUSTUS;C;EUR;
819424177;G.D.C.;S;EUR;
819465121;SAS LES CHEVRES BIO FRANCE;C;EUR;
819491903;ACTION EXPERTISE AUTOMOBILE;C;EUR;
819495805;LE CEDRE ROUGE;C;EUR;
819575044;LA PIAZZETTA CHEZ STEVEN;C;EUR;
819632787;LOCATIONS VILLA TURMEL;C;EUR;
819643024;VUILLERMOZ FORMATION EXPERTISE;S;EUR;
819668286;JM AUTOMOBILES;S;EUR;
819818501;ELD;S;EUR;
819842246;BEER TO BEER;S;EUR;
819843764;SWAT CONSTRUCTION;C;EUR;
819852542;R.N.S;C;EUR;
819871435;IZHAK;C;EUR;
819891409;SF CONSULTING;C;EUR;
819900002;RALC;C;EUR;
819924820;UNA PROD CREATIVE;S;EUR;
819989864;SEGARRA TRAITEUR;S;EUR;
819992900;JG LIGHT CONSULTING;C;EUR;
820045565;CREADEV;S;EUR;
820102234;ARIE;C;EUR;
820120830;CGY CONSTRUCTION;C;EUR;
820146017;BON VOYAGE;S;EUR;
820174480;ALEXANDRE;S;EUR;
820204451;LEGROS;C;EUR;
820234615;VAZ ROMAIN;C;EUR;
820247914;HELIADE-AUDIO;S;EUR;
820259588;NOVAGREEN CONSEILS;C;EUR;
820385029;SCI AT;C;EUR;
820426195;SLJ DISTRIBUTION;C;EUR;
820430171;ETREVUE;C;EUR;
820504520;RAIL+;C;EUR;
820540060;TXP30001;S;EUR;
820557122;DAVA INVEST;C;EUR;
820568855;EURL AMRI;S;EUR;
820636561;RAIMBAULT MICKAEL;S;EUR;
820664340;SKIN ADDICT;S;EUR;
820686590;MYSTERY O CLOCK;C;EUR;
820688760;SELARL PHARMACIE DU SOLEIL;C;EUR;
820698447;MENUISERIE RATEL;C;EUR;
820719060;PROXIMISONS;S;EUR;
820740454;MC ET C;C;EUR;
820754372;THIERRY DESCHAUX;C;EUR;
820773257;JOMOLDIS;C;EUR;
820826865;NABLANC;C;EUR;
820831451;LABO HJA;S;EUR;
820861748;BEEROUTE BREWERS CO;S;EUR;
820864122;CIRCUIT WANTZ;C;EUR;
820867158;VINCENT GENTILS MAINTENANCE;S;EUR;
820868941;CREPERIE DES 4 SAISONS;S;EUR;
820908028;AUGUSTE ANTHONY;S;EUR;
820930410;AIGUE MARINE AMENAGEMENT;S;EUR;
820946317;DEPANNE MOTORS;C;EUR;
820979250;MULTI GAME;S;EUR;
821042454;DE LA TERRE A L'ASSIETTE;S;EUR;
821055787;FLORE;S;EUR;
821055993;ISOLA 2028;S;EUR;
821099413;AMG DECLIC AUTO;C;EUR;
821136439;CPO RENOVATION;C;EUR;
821179355;SUSHI GOURMET;S;EUR;
821180502;BETTS;S;EUR;
821205614;ADHR;C;EUR;
821245164;CVS - CEVENNES SECURITE;C;EUR;
821261328;PHARMACIE DU ROND CHENE;C;EUR;
821272747;WARM UP CAFE;C;EUR;
821290129;ALEXIR FIT;C;EUR;
821296712;L' HONORABLE;S;EUR;
821313376;EURL BIRAC;C;EUR;
821327020;BULL RACING PRODUCTION;S;EUR;
821337920;HADES;C;EUR;
821384336;E J P RESIDENCES;S;EUR;
821388824;AVI ALIAS AUDIOVISUEL INGENIERIE;C;EUR;
821401700;MAISON ANDRE PERRET;C;EUR;
821404829;HC SERVICES IMMO;S;EUR;
821497021;LA GRANDE BORNE;S;EUR;
821497021;LA GRANDE BORNE;S;EUR;
821536851;KERENOMA;S;EUR;
821547544;FORT AMANDINE;S;EUR;
821555646;LE CERNY;C;EUR;
821562360;HOMESEND;C;EUR;
821588704;BAIS PEINTURE INDUSTRIELLE DES METAUX;C;EUR;
821589595;ETABLISSEMENTS FEBVAY THIBAULT;C;EUR;
821648474;KEVIN CRESPY;S;EUR;
821652690;H & M BRYANT;C;EUR;
821661279;BOULANGERIE HOUTIN-COLAS;S;EUR;
821684404;PAMG;S;EUR;
821776655;SOS PLOMBERIE 13;S;EUR;
821798931;MEDKONSULT;C;EUR;
821844255;IN FIT;S;EUR;
821847407;MCRM;C;EUR;
821877008;HOR VIGNOBLES;C;EUR;
821982287;ESPACE CREATION;S;EUR;
821985637;LA FLEUR DE LOTUS;S;EUR;
822000709;DALK;S;EUR;
822002648;88-IT.COM;S;EUR;
822091781;HESTIA;C;EUR;
822112132;VAE SOLI;S;EUR;
822175147;GEOPHOM;C;EUR;
822179131;HENRY - MACHARD;C;EUR;
822180329;PAK CONSULTING;S;EUR;
822248571;EDITIONS ATAO;C;EUR;
822248951;OUEST CHARPENTES;C;EUR;
822300521;BENEVIC;S;EUR;
822308656;COMPAGNIE FONCIERE DES CARRIERES;C;EUR;
822316758;JA 68;C;EUR;
822363883;LA CISSONIERE;C;EUR;
822421558;CORINE NORMAND;S;EUR;
822426763;TFB;S;EUR;
822450433;ALSA TP AMENAGEMENTS;C;EUR;
822482949;POOL PRODUCTION;S;EUR;
822500526;SAS BEALLE;S;EUR;
822580999;XO MADAME;C;EUR;
822595500;EURL FM;C;EUR;
822599072;LES SELECTIONS DE BACCHUS;C;EUR;
822599643;ARBRE ET SENS;S;EUR;
822630638;NÖVAE;S;EUR;
822783221;GNG CONSEIL;C;EUR;
822854642;MG BAT;S;EUR;
822858619;MINA;S;EUR;
822878161;AUTO PIECES DISTRIBUTION;S;EUR;
822937603;SARL CT;C;EUR;
823064852;MB EVOLUTION;S;EUR;
823073168;DIDRAT LAURENT;S;EUR;
823104245;AMFILMS;S;EUR;
823115373;EQODIS;C;EUR;
823212709;VDV LR;C;EUR;
823246988;MULAC;C;EUR;
823264668;DESSY;S;EUR;
823273172;CREACITE;C;EUR;
823307822;SIENA BLUE;C;EUR;
823361498;ALPI;S;EUR;
823361498;ALPI;S;EUR;
823365028;LES FOLIES DU BARBIER;C;EUR;
823373873;URBIA;C;EUR;
823423876;CALA MOBILE;C;EUR;
823431697;PLANETE SECURITE CEVENNES;C;EUR;
823508932;LES GITES HISTORIQUES;C;EUR;
823597745;PRO RAIDS ORGANISATION;C;EUR;
823605316;LUDOVIC PRADES;S;EUR;
823633219;LIBRISYL;C;EUR;
823656210;D4 CONSEIL;C;EUR;
823661616;ASSISTANCE COMMERCIALISATION PROMOTEURS;S;EUR;
823736079;ORFA SERVICES;C;EUR;
823838396;BEACH PARC AVENTURE;C;EUR;
823889688;CONCEPT STORE AUTOUR DES JARDINS ET DES FLEURS;S;EUR;
823897921;C2AR;S;EUR;
824034037;PALETTES DU CENTRE;C;EUR;
824073860;HOLIMARK;C;EUR;
824093447;SAS TENCE;C;EUR;
824108591;DELIRE 65;S;EUR;
824120406;DAC LOC;C;EUR;
824153480;LE WEEK-END;S;EUR;
824182562;MURAT;C;EUR;
824198709;AERO MAGIC;C;EUR;
824201990;LA CONCEPTARIA;C;EUR;
824208540;AGENCE KOZY;C;EUR;
824354658;BRISACH DESIGN;C;EUR;
824413926;FRAMBOISE B;C;EUR;
824454656;CONSTRUCTION M.A.. SORELLA;C;EUR;
824493258;OXYGENIUM;S;EUR;
824539449;SPFPL RM;C;EUR;
824542088;SELARL DU DOCTEUR SAMIA BENCHEKROUN;C;EUR;
824549117;SAFE DIFFUSION;S;EUR;
824682140;MALESHERBOIS CONSTRUCTION;S;EUR;
824821268;AUTO-STORE 54;S;EUR;
824948814;SARL LARRIERE;C;EUR;
825014509;AMLB;C;EUR;
825077571;MH ADAM CONSEIL;C;EUR;
825095995;31-09 SERVICES;S;EUR;
825108780;LNRO;S;EUR;
825162175;WIND CONSULTING;C;EUR;
825226327;NOVAK DECORATION SOL ET PEINTURE;C;EUR;
825335912;TATTOO-SHOP;S;EUR;
825340383;CAB DEVELOPPEMENT;C;EUR;
825346927;BWE 21;S;EUR;
825407489;HOLDING MG;C;EUR;
827449406;PHARMACIE RENAULT;C;EUR;
827560863;CONAN PEINTURE;C;EUR;
827628249;LAND AUTO 65;S;EUR;
827629353;HJ3L;S;EUR;
827644253;GENERALE ASSURANCE;S;EUR;
827714114;AIIDEN NAILS;S;EUR;
827764770;RESTAURANT LA FOLIE;S;EUR;
827788951;IRENA EUROPE;S;EUR;
827806183;LE CHAPITRE DE MELANIE;S;EUR;
827859422;FORPA;S;EUR;
827882374;LE CROCHET DE NATH;C;EUR;
827894460;SMO CONCEPT;C;EUR;
827933060;SOCIETE A RESPONSABILITE LIMITEE DOMAINE BITAUD PAR ABRÉVIAT;C;EUR;
827994898;THIERRY LECOQ;S;EUR;
828053041;CEDRIC SCHEYDER;S;EUR;
828069120;EL CIELO;S;EUR;
828212688;C&J PLOMBERIE CHAUFFAGE;S;EUR;
828231472;NH;S;EUR;
828265967;ELLEM;S;EUR;
828279117;AVENTURE NAUTIQUE;S;EUR;
828280602;PHARMACIE MAVIA;C;EUR;
828294538;LES HOMMES ONT LA CLASSE;S;EUR;
828323386;LA CENTRALE DE L'OR ET DES METAUX PRECIEUX;C;EUR;
828454389;WHERE IS MYWINE ?;S;EUR;
828493825;VISION HD;S;EUR;
828510586;JCG RENOV;S;EUR;
828520098;CHOCOLATERIE MARTIN;C;EUR;
828590778;LTA - LAMBERT WILLIAM TRAVAUX AGRICOLES;C;EUR;
828600601;SACOPETTE;S;EUR;
828707158;ROBINETTERIE LYON 8;S;EUR;
828714741;VITIS VINUM BIODYNAMIC;C;EUR;
828721563;DYNAMIC DPC;C;EUR;
828767392;CANAILLOU;S;EUR;
828797704;ST-HUBERT M T PIERRES;S;EUR;
828925313;AGRIWEPPES;C;EUR;
828958694;PROBOUK;C;EUR;
828970087;PHONE 54;S;EUR;
829065036;EURL VSA;C;EUR;
829099886;TERROIR NORMAND;C;EUR;
829176023;SSB COMPANY;S;EUR;
829217694;AM07 CONSEIL;C;EUR;
829234442;ESELEC;C;EUR;
829321538;SAS RENOVANEUF;C;EUR;
829344720;LOT ET GARONNE ENTRETIEN;C;EUR;
829381102;PHARMACIE DE BRAX;C;EUR;
829430933;VALLI NICOLAS;C;EUR;
829478148;FOUQUE;S;EUR;
829514686;ALCE;S;EUR;
829544568;L'ATELIER DU VÉLO;S;EUR;
829577238;VEAU CHOYE;S;EUR;
829585520;CONSEIL LOGISTIQUE ARTISANAT SPECTACLE SPHERE;C;EUR;
829636760;QUE BELLA;S;EUR;
829662170;LE BLOC;C;EUR;
829677178;BARDS;C;EUR;
829688399;AUX DOUCEURS DES CAPS;C;EUR;
829717289;IN FINE;S;EUR;
829793603;T2J TRANS;S;EUR;
829843895;HOLDING COURTOIS-EVOLUTIVE;C;EUR;
829845015;SABBAGH AUTO CENTRE;S;EUR;
829915826;BATI DESIGN;S;EUR;
829948199;MOTIF CARRELAGE;S;EUR;
829989052;CBWB;C;EUR;
829992767;NEVES CARRELAGE;S;EUR;
830064663;TCA;C;EUR;
830196390;PLEM CONSULTING;C;EUR;
830215240;SLAM;C;EUR;
830257994;PIZZAYOYO;S;EUR;
830287934;AC1 CONSEILS;S;EUR;
830423661;GARAGE RAIGNAULT;S;EUR;
830449112;BABYNOUX;C;EUR;
830534384;ACE-PRO;C;EUR;
830651642;SUD TRAVAUX BATIMENT;C;EUR;
830668976;STI GROUP;S;EUR;
830698916;SOLUTIONS ET PATRIMOINE;C;EUR;
830727012;TECHNIMEN;S;EUR;
830759023;LE COIFFEUR D'ADRIEN;C;EUR;
830792867;LA FERME DE LA FAMILLE ABADIE;C;EUR;
830870143;DAVID AUTO MOBILE;C;EUR;
830892105;LE VIEUX TILLEUL;C;EUR;
831188636;LES COULEURS DU VENT;C;EUR;
831209317;FILANTROPE;S;EUR;
831225305;CLYN;C;EUR;
831323381;LE PALAIS DU LOTO;C;EUR;
831464102;MICKSY;C;EUR;
831816806;K.ARNAUD;S;EUR;
831819008;VIAUD MENUISERIE AGENCEMENT;S;EUR;
831821269;HUCHETTE DESPREZ;C;EUR;
831826771;LANN-VIHAN;C;EUR;
831944533;LES FRIANDS DISENT;C;EUR;
831962618;2B FAMILY;S;EUR;
831990288;HATTABI;S;EUR;
832019061;SEJE INNOVATIONS;S;EUR;
832076228;AUTOMATISME ELECTRICITE FAIVRE;S;EUR;
832088363;AC GEOSCIENCES;S;EUR;
832091672;NETTOYAGE DU SAINTOIS;S;EUR;
832135776;SARL CYRIANQUE;C;EUR;
832253942;VERON RECEPTION;S;EUR;
832268437;DAMIMMO;C;EUR;
832368419;HUGOT;S;EUR;
832395107;VEHICULUM;S;EUR;
832495329;HYDRO-SOLUTION;S;EUR;
832681142;TERRE NATUR'L;C;EUR;
832687248;CHAMBONNIERE THIERRY;C;EUR;
832814743;LS SERVICES;C;EUR;
832859334;KEVALEX;S;EUR;
832933840;NUTRI DESOUZA;C;EUR;
832997233;ETABLISSEMENTS PACAUD;C;EUR;
833009509;ISABELLE OSTEOPATHE;S;EUR;
833093131;SAS MA FLO;C;EUR;
833207517;CORDONNERIE TAVARES COELHO;C;EUR;
833222888;LE MOULIN DE BOURGON;S;EUR;
833332596;IZIMMO HOLDING;S;EUR;
833490675;MOE CONSULTING;S;EUR;
833591555;SARL TEAM FMSA;C;EUR;
833729692;CREATIVE LIGHT;C;EUR;
833972623;HOLDING YANN PETRO;C;EUR;
834187726;BALLET TRAVAUX PUBLICS;C;EUR;
834371486;ARNAUD TORRES PEREZ A2P;C;EUR;
834451783;AC65;S;EUR;
839487089;SAS LES HAUTES TERRES;C;EUR;
840634000;EMEE ASSOCIES;S;EUR;
869801142;SAUVAGER TP;C;EUR;
872801485;SOCIETE LETHU-REGENCE;C;EUR;
872801485;SOCIETE LETHU-REGENCE;C;EUR;
945550978;MANUFACTURE PAPIERS PEINTS ZUBER ET CIE;C;EUR;
946250644;DEMENAGEMENTS MUTSCHLER;C;EUR;
946350527;FRINA MOUSSE FRANCE;C;EUR;
946850500;GARAGE MAURICE;C;EUR;
950359802;SOLVIER;C;EUR;
950369660;SARL AU PAIN DORE;S;EUR;
957805963;DETROIT MOTOR S;C;EUR;
986420198;CAMPET ET CIE;C;EUR;
